,gender,ethnicity,yob,pob,religion,sexualOrient,politics,parentEd,parentStem,income,admitGrade,hsEnrichment,hsExtracurriculars,secondUni,perceptSkillsInterpersonal,perceptPhysicalLooks,perceptEarnPotential,perceptWorkEthic,perceptIntelligence,preWorkExp,preCodeExp,reasonBme,hearBme,workLocation,notes,cheat,skillDevCourse,techComp,sideProj,extraCurr,timeExtraCurrWk,freqActive,exerciseWk,addBmeDeg,gradGrade,cali,gradWorkDomain,gradEarn,gradDebt,introExtrovert,socialDist,preNumRelations,numRelations,preNumSexPart,numSexPart,simp,substances,psychological,oneWordFstYr,meme,aGrade,aSleep,aAttendance,aNumCry,aStress,aSelfPercept,aHardBme101,aHardBme101L,aHardBme121,aHardBme161,aHardBme181,aHardSyde111,aHardSyde113,aUseBme101,aUseBme101L,aUseBme121,aUseBme161,aUseBme181,aUseSyde111,aUseSyde113,aFavProf,aComment,bGrade,bSleep,bAttendance,bNumCry,bStress,bSelfPercept,bUseBme162,bUseBme186,bUseSyde112,bUseSyde114,bUseBme122,bHardBme162,bHardBme186,bHardSyde112,bHardSyde114,bHardBme122,cse,diffLvlCse,likeCse,bFavProf,bComment
0,0.0,East Asian,2002.0,"Montreal, Quebec",Christianity,Bisexual,Liberalism,PhD,,100K - 150K,,AP,"Member of a club, Volunteer, Art",McMaster,4.0,4.0,4.0,2.0,4.0,I did not have work experience prior to coming into the program.,3.0,"Wanted to do medicine, but wanted to use engineering as backup degree",Parents,At home,Didn't take notes at all,No,No,0.0,0,1.0,5-6 hours a week,Weight lifting,3.0,Fine Arts,80-84%,Yes,Biomedical,$50k -  $60k,1000.0,,7.0,0.0,0.0,0.0,0.0,0.0,"Alcohol, Coffee","Anxiety, Depression, Sleep disorder, ADD/ADHD, Imposter syndrome",Pain,,86.0,9.0,I skipped about half of my classes,1-5 times,7.0,3.0,1.0,7.0,10.0,7.0,5.0,10.0,5.0,1.0,7.0,6.0,6.0,5.0,9.0,7.0,Igor Ivkovic,Pain,86.0,9.0,0.5,0,5.0,4.0,6.0,2.0,9.0,7.0,5.0,6.0,2.0,9.0,9.0,6.0,FINE 100,6.0,0.0,Sean Speziale,Pain but less 
1,0.0,East Asian,2002.0,"Ottawa, Ontario, Canada","Non-spiritual, non-religious",Heterosexual,Liberalism,Master's,,200K - 250K,97.0,Gifted,"Member of a club, Leader of a club, Volunteer, Non-engineering job, Sports, Started a company / organization",Waterloo (other than BME),3.0,3.0,4.0,4.0,4.0,Part-time job,5.0,"Prestige, Co-op, Wanted a bio degree but not a pure bio degree, UW's reputation, Wanted to do medicine, but wanted to use engineering as backup degree, Opportunity to make impact in society, Financial security",University tour,At home,Writing on paper,No,No,2.0,1,1.0,1-2 hours a week,Running,3.0,Artificial Intelligence Option,95-100%,Yes,Biomedical,$100k +,0.0,4.0,8.0,1.0,0.0,1.0,1.0,1.0,"Alcohol, Coffee",Imposter syndrome,Uneventful,,95.0,8.0,I attended almost every class,None,4.0,3.0,2.0,4.0,1.0,3.0,3.0,2.0,1.0,4.0,8.0,9.0,8.0,9.0,9.0,8.0,Sean Speziale,,94.0,8.0,0.5,0,5.0,3.0,7.0,8.0,10.0,9.0,9.0,5.0,2.0,2.0,2.0,1.0,PSYCH 101,4.0,1.0,Sean Speziale,None :)
2,1.0,South Asian,2002.0,"Mississauga, Ontario, Canada",Christianity,Heterosexual,Liberalism,Master's,0.0,150K - 200K,94.0,None,None,Ryerson,4.0,2.0,3.0,4.0,2.0,I did not have work experience prior to coming into the program.,1.0,"Opportunity to make impact in society, Wanted to be in medical field but uncomfortable with blood and body stuff",Research,At home,Writing on paper,No,No,0.0,0,0.0,I did not commit to any extra-curricular activities.,Hockey,5.0,None of them!,65-69%,I do not want to go to Cali,Biomedical,$100k +,20000.0,4.0,8.0,1.0,1.0,1.0,1.0,0.0,"Alcohol, Coffee","Anxiety, Depression, Sleep disorder, Eating disorder, Imposter syndrome",Hell,None were funny sorry ,88.0,8.0,I attended almost every class,Too many times to count,10.0,1.0,2.0,6.0,10.0,3.0,8.0,9.0,8.0,4.0,7.0,2.0,8.0,4.0,4.0,4.0,Jenny Howcroft,Made me wanna die ,85.0,8.0,1.0,10+,9.0,1.0,7.0,2.0,1.0,1.0,2.0,3.0,2.0,9.0,9.0,4.0,CLAS 104,1.0,1.0,Jenny Howcroft,It was hell but better than 1A
3,1.0,East Asian,2002.0,"Dartmouth, Nova Scotia, Canada ","Non-spiritual, non-religious",Heterosexual,Socialism,Bachelor's,,50K - 100K,,IB,"Member of a club, Leader of a club, Volunteer, Sports, Art, Started a company / organization",McGill,4.0,3.0,2.0,5.0,3.0,Part-time job,1.0,"Co-op, UW's reputation, Opportunity to make impact in society",Summer camp and self-research,On Campus - Residence,Writing on paper,No,No,3.0,2,8.0,5-6 hours a week,Dance,1.0,Neural Engineering Specialization,90-94%,I do not want to go to Cali,Biomedical,,,4.0,8.0,2.0,0.0,1.0,1.0,5.0,"Alcohol, Coffee",Burnout/Mental Exhaustion,New,George Freeman <33,,6.5,I attended almost every class,6-10 times,8.0,4.0,3.0,2.0,4.0,5.0,4.0,5.0,8.0,2.0,10.0,10.0,10.0,10.0,10.0,10.0,George Freeman,,,6.5,1.0,6-10,6.0,3.0,10.0,3.0,10.0,10.0,9.0,3.0,1.0,4.0,3.0,3.0,PSYCH 101,3.0,1.0,,
4,0.0,East Asian,2002.0,Toronto,"Non-spiritual, non-religious",Heterosexual,Liberalism,Bachelor's,,300K+,96.0,TOPS,"Member of a club, Non-engineering job, Sports, Art",UofT,2.0,4.0,4.0,4.0,4.0,Part-time job,5.0,"Co-op, Wanted a bio degree but not a pure bio degree, UW's reputation",UW Website,At home,Writing on a device,No,No,1.0,1,1.0,1-2 hours a week,Badminton,5.0,Software Engineering Option,85-89%,I do not want to go to Cali,Biomedical,$90k - $100k,5000.0,2.0,6.0,0.0,0.0,0.0,0.0,0.0,"Marijuana, Alcohol, Coffee",,Unprecedented,Kofman feet pics,4.0,9.0,I skipped about half of my classes,None,4.0,5.0,1.0,4.0,3.0,7.0,8.0,6.0,5.0,3.0,7.0,8.0,8.0,3.0,8.0,6.0,Jenny Howcroft,,88.9,10.0,0.25,0,3.0,4.0,9.0,1.0,8.0,7.0,9.0,5.0,1.0,6.0,4.0,4.0,PSYCH 253,3.0,1.0,Jenny Howcroft,
5,1.0,Southeast Asian,2002.0,Ho Chi Minh City,"Non-spiritual, non-religious",Bisexual,,Master's,0.0,50K - 100K,94.0,Gifted,"Member of a club, Volunteer, Art",UBC,2.0,2.0,3.0,4.0,3.0,"Part-time job, Internship",1.0,"Co-op, Financial security",internet lmao,At home,"Typing on a device, Writing on paper",Yes,Yes,2.0,1,2.0,3-4 hours a week,"badminton, running",2.0,Software Engineering Option,85-89%,Yes,Biomedical,$50k -  $60k,,2.0,9.0,0.0,0.0,0.0,0.0,4.0,"Alcohol, Coffee","Anxiety, Depression, Sleep disorder, Imposter syndrome",roller-coaster,jen barking lmaoooooooooo,96.0,5.0,I attended almost every class,6-10 times,6.0,4.0,2.0,6.0,9.0,8.0,7.0,8.0,8.0,5.0,8.0,10.0,7.0,7.0,10.0,7.0,Igor Ivkovic,"shout out to marie, sean and my 161 team!!!",92.0,4.0,0.5,11-20,8.0,2.0,7.0,1.0,9.0,7.0,10.0,8.0,1.0,9.0,7.0,5.0,PSYCH 101,2.0,1.0,Sean Speziale,Ryan a TA is a cutie although i didnt go to any tutorials except the first one <3
6,1.0,Caucasian,2002.0,"Toronto, Ontario, Canada","Spiritual, non-religious",Bisexual,Socialism,Master's,0.0,250K - 300K,92.5,AP,"Member of a club, Leader of a club, Volunteer, Sports, Art, Started a company / organization",United States,3.0,2.0,3.0,4.0,4.0,"Part-time job, Internship",5.0,"Co-op, Opportunity to make impact in society",Guidance Councilor,On Campus - Residence,"Typing on a device, Writing on a device",Yes,No,3.0,2,3.0,> 6 hours a week,Going to the gym,3.0,Neural Engineering Specialization,80-84%,Yes,Software,$90k - $100k,0.0,3.0,5.0,1.0,2.0,1.0,3.0,0.0,"Marijuana, Alcohol, MDMA/Ecstacy, LSD, Coffee","Anxiety, Depression, Sleep disorder, Eating disorder, Imposter syndrome",stimulating ,Trying to get Chry’s attention to make him unmute himself,81.0,5.0,I occasionally went to class,Too many times to count,9.0,1.0,3.0,2.0,1.0,4.0,7.0,9.0,4.0,1.0,7.0,8.0,6.0,8.0,7.0,6.0,George Freeman,,80.0,5.0,0.0,10+,8.0,1.0,5.0,8.0,8.0,8.0,3.0,3.0,2.0,10.0,9.0,3.0,PSYCH 101,3.0,1.0,Nima,
7,1.0,South Asian,2002.0,"Colombo, Sri Lanka",Buddhism,Heterosexual,,Bachelor's,,150K - 200K,97.0,AP,"Member of a club, Volunteer, Non-engineering job, Sports",Waterloo (other than BME),3.0,4.0,4.0,2.0,4.0,"Part-time job, Internship",3.0,"Prestige, Co-op, UW's reputation, Wanted to challenge yourself, Opportunity to make impact in society",University tour,At home,"Typing on a device, Writing on a device",Yes,No,1.0,1,0.0,I did not commit to any extra-curricular activities.,Dance,2.0,Biomechanics Option,85-89%,No,Industrial,$50k -  $60k,0.0,2.0,8.0,0.0,0.0,0.0,0.0,2.0,Coffee,"Anxiety, Depression, ADD/ADHD, Imposter syndrome",Dull,,93.0,7.0,I skipped about half of my classes,None,4.0,4.0,1.0,5.0,5.0,4.0,6.0,7.0,7.0,1.0,8.0,7.0,9.0,4.0,6.0,5.0,Sean Speziale,,83.0,8.0,0.25,0,3.0,3.0,7.0,2.0,6.0,6.0,8.0,4.0,2.0,9.0,7.0,3.0,PSYCH 101,2.0,0.0,Sean Speziale,
8,1.0,East Asian,2002.0,"Ottawa, ON, Canada","Christianity, Non-spiritual, non-religious",Asexual,Liberalism,MD,0.0,200K - 250K,91.0,Gifted,"Member of a club, Volunteer, Non-engineering job, Sports, Art",Queens,2.0,2.0,2.0,3.0,4.0,Part-time job,2.0,"Prestige, Co-op, UW's reputation, Opportunity to make impact in society",Online research,On Campus - Residence,Writing on a device,No,No,0.0,0,0.0,I did not commit to any extra-curricular activities.,Exercise videos ,1.0,Artificial Intelligence Option,70-74%,No,Biomedical,$50k -  $60k,,1.0,8.0,0.0,0.0,0.0,0.0,0.0,None,Imposter syndrome,Stressful,Mute your mic,81.0,9.0,I attended almost every class,1-5 times,7.0,1.0,2.0,7.0,7.0,4.0,9.0,9.0,4.0,2.0,5.0,10.0,7.0,9.0,9.0,4.0,Sean Speziale,,76.0,7.0,0.75,1-5,9.0,1.0,8.0,6.0,9.0,8.0,10.0,4.0,3.0,10.0,8.0,8.0,PSYCH 101,3.0,1.0,Jenny Howcroft,
9,0.0,Southeast Asian,2002.0,"Navsari, Gujarat, India",Hinduism,Heterosexual,Conservatism,Bachelor's,,100K - 150K,93.0,IB,"Member of a club, Leader of a club",McMaster,2.0,1.0,3.0,4.0,4.0,I did not have work experience prior to coming into the program.,3.0,"Prestige, Co-op, UW's reputation",BME class of 2022 student,At home,Didn't take notes at all,Yes,No,0.0,1,0.0,I did not commit to any extra-curricular activities.,Walking,2.0,Neural Engineering Specialization,80-84%,No,Software,$90k - $100k,0.0,3.0,7.0,1.0,0.0,1.0,0.0,0.0,Coffee,Imposter syndrome,Different ,Shank foot,91.0,9.0,I attended almost every class,None,4.0,4.0,1.0,4.0,7.0,9.0,9.0,5.0,2.0,1.0,5.0,10.0,4.0,5.0,6.0,1.0,Sean Speziale,,92.0,9.0,0.0,0,3.0,5.0,1.0,1.0,8.0,9.0,10.0,9.0,1.0,9.0,9.0,1.0,PSYCH 101,2.0,1.0,Sean Speziale,
10,1.0,Caucasian,2002.0,"Richmond Hill, Ontario, Canada","Non-spiritual, non-religious",Bisexual,,Master's,,<50K,93.0,None,"Member of a club, Leader of a club, Volunteer",guelph,4.0,2.0,4.0,5.0,4.0,I did not have work experience prior to coming into the program.,4.0,Co-op,University tour,A mix of home and on campus,"Typing on a device, Writing on paper",Yes,No,0.0,0,1.0,3-4 hours a week,crying (jk walking probs),6.0,Life Sciences Option,85-89%,I do not want to go to Cali,School - Medical/Dentistry/Pharmaceutical,$90k - $100k,0.0,4.0,7.0,2.0,0.0,0.0,0.0,10.0,"Marijuana, Alcohol, Coffee","Anxiety, Depression, ADD/ADHD, Imposter syndrome",fuck,"eugene swearing in 121 on the first day of school, hannah muting chrys for like 5 minutes, tom telling jenny to shut the fuck up, etc. love this cohort lmao",83.0,8.0,I occasionally skipped class,1-5 times,7.0,2.0,1.0,2.0,5.0,3.0,7.0,9.0,6.0,1.0,7.0,8.0,5.0,6.0,8.0,7.0,Igor Ivkovic,hell,87.0,8.0,0.25,1-5,9.0,1.0,5.0,1.0,7.0,7.0,8.0,4.0,1.0,10.0,10.0,3.0,CLAS 104,1.0,1.0,Jenny Howcroft,also hell
11,1.0,South Asian,2002.0,"Al Ahmadi, Kuwait",Islam,Heterosexual,Liberalism,Bachelor's,,50K - 100K,97.0,None,"Volunteer, Art",Queens,3.0,1.0,2.0,1.0,2.0,I did not have work experience prior to coming into the program.,3.0,"Prestige, Co-op, UW's reputation, Wanted to do medicine, but wanted to use engineering as backup degree, Financial security",OUAC - university website,At home,"Writing on a device, Writing on paper",No,No,1.0,0,0.0,I did not commit to any extra-curricular activities.,None,0.0,Biomechanics Option,90-94%,I do not want to go to Cali,Hardware,$90k - $100k,10000.0,5.0,6.0,0.0,1.0,0.0,1.0,1.0,"Alcohol, Coffee","Anxiety, Depression, Sleep disorder, Imposter syndrome",Chaotic,"""Jenny please mute your mic""",95.0,5.0,I skipped about half of my classes,Too many times to count,10.0,2.0,3.0,1.0,2.0,6.0,1.0,10.0,9.0,1.0,10.0,5.0,8.0,10.0,10.0,6.0,Igor Ivkovic,,95.0,5.0,0.0,11-20,6.0,3.0,8.0,3.0,9.0,9.0,8.0,7.0,1.0,10.0,8.0,9.0,MSCI 211,10.0,0.0,Sean Speziale,
12,1.0,East Asian,2002.0,"Wuwei city, Gansu, China",Christianity,Heterosexual,Liberalism,DVM,,200K - 250K,94.0,None,"Non-engineering job, Art",McMaster,4.0,3.0,3.0,4.0,4.0,Part-time job,1.0,"Co-op, UW's reputation, Wanted to do medicine, but wanted to use engineering as backup degree, Opportunity to make impact in society, Financial security",Website,On Campus - Residence,"Writing on a device, Writing on paper",Yes,No,0.0,0,1.0,1-2 hours a week,Nothing,0.0,None of them!,75-79%,I do not want to go to Cali,Biomedical,$50k -  $60k,0.0,2.0,8.0,0.0,0.0,0.0,0.0,0.0,"Alcohol, Coffee","Anxiety, Depression, Sleep disorder, Imposter syndrome",Exhausting,Jenny mute your mic,71.0,7.0,I skipped about half of my classes,Too many times to count,8.0,2.0,3.0,2.0,8.0,6.0,8.0,10.0,6.0,4.0,8.0,7.0,10.0,8.0,10.0,7.0,Jenny Howcroft,,80.0,7.0,0.25,11-20,7.0,2.0,10.0,5.0,10.0,5.0,5.0,7.0,2.0,10.0,8.0,7.0,BET 100,3.0,0.0,Jenny Howcroft,
13,0.0,Spanish/Hispanic/Latino,2000.0,Panama,Catholic,Demisexual,Not specific,Technical Degree/Diploma,,50K - 100K,98.0,None,"Member of a club, Leader of a club, Volunteer, Religious Activity",United States,4.0,3.0,4.0,5.0,4.0,I did not have work experience prior to coming into the program.,2.0,"Location, Wanted to do medicine, but wanted to use engineering as backup degree, Opportunity to make impact in society",Scholarship program ,Near Campus - Off campus housing,Writing on a device,Yes,Yes,0.0,1,1.0,3-4 hours a week,Walking/Running,4.0,Neural Engineering Specialization,85-89%,I do not want to go to Cali,Biomedical,$90k - $100k,0.0,5.0,5.0,2.0,0.0,0.0,0.0,1.0,"Marijuana, Alcohol, Coffee","Anxiety, Depression, Sleep disorder, Eating disorder, Imposter syndrome",Hard,Koffman feet pics,81.0,4.0,I attended almost every class,None,10.0,3.0,1.0,5.0,9.0,6.0,7.0,9.0,9.0,2.0,9.0,9.0,7.0,5.0,9.0,9.0,Igor Ivkovic,"Love 1A, stressful but fun",70.0,5.0,0.75,0,10.0,1.0,5.0,1.0,8.0,3.0,3.0,6.0,1.0,10.0,8.0,7.0,PSYCH 101,3.0,1.0,Jenny Howcroft,"Broke my mental health, wish it was in person"
14,0.0,Caucasian,2002.0,"Ottawa, Ontario, Canada","Non-spiritual, non-religious",Heterosexual,Socialism,Bachelor's,,150K - 200K,97.0,None,"Member of a club, Volunteer, Non-engineering job, Sports",uOttawa,4.0,2.0,4.0,3.0,5.0,Part-time job,1.0,"Prestige, Co-op, Wanted a bio degree but not a pure bio degree, UW's reputation, Wanted to challenge yourself, Opportunity to make impact in society, Financial security",University tour,On Campus - Residence,"Writing on a device, Writing on paper",No,No,1.0,1,2.0,3-4 hours a week,Walking,3.0,English Minor,90-94%,No,Research,$50k -  $60k,0.0,5.0,8.0,1.0,0.0,0.0,0.0,0.0,Alcohol,None of the above,Enjoyable,"Mute your mic Jenny, When Chrys sees a homomorphism, Kofman, Freeman kpop",96.0,7.0,I attended almost every class,None,4.0,4.0,2.0,4.0,3.0,4.0,6.0,5.0,3.0,3.0,5.0,10.0,6.0,7.0,9.0,8.0,George Freeman,,92.0,6.0,0.25,0,5.0,3.0,8.0,4.0,9.0,7.0,9.0,5.0,1.0,8.0,4.0,3.0,ENGL 101B,4.0,1.0,,
15,1.0,East Asian,2002.0,"North York, Ontario, Canada",Catholicism,Heterosexual,Liberalism,MD,,300K+,93.0,Arts - Music,"Member of a club, Volunteer, Non-engineering job, Sports, Art",McMaster,4.0,4.0,4.0,3.0,3.0,"Part-time job, Internship",1.0,"Prestige, Wanted a bio degree but not a pure bio degree, Wanted to challenge yourself, Wanted to do medicine, but wanted to use engineering as backup degree, Opportunity to make impact in society",Alumni from the program,At home,"Typing on a device, Writing on a device, Writing on paper",Yes,No,1.0,0,1.0,1-2 hours a week,Running,3.0,Sports Engineering Specialization,75-79%,Yes,School - MBA,$100k +,55500.0,3.0,8.0,0.0,0.0,0.0,0.0,1.0,"Alcohol, Coffee","Anxiety, Depression, Imposter syndrome",overwhelming,Jenny mute your mic ,83.54,8.0,I skipped about half of my classes,6-10 times,8.0,1.0,1.0,3.0,7.0,6.0,8.0,10.0,10.0,5.0,8.0,9.0,9.0,8.0,8.0,6.0,Igor Ivkovic,It was so emotionally overwhelming. I thought about dropping out constantly.,79.73,9.5,0.0,1-5,6.0,1.0,8.0,1.0,8.0,8.0,8.0,7.0,1.0,10.0,9.0,8.0,GEOG 101,4.0,1.0,Jenny Howcroft,bme did a good job at giving us less online time
16,1.0,East Asian,2002.0,Oakville,"Non-spiritual, non-religious",Heterosexual,Centrism,Master's,,100K - 150K,98.0,Gifted,"Member of a club, Leader of a club, Volunteer, Sports",Queens,4.0,3.0,5.0,5.0,5.0,Internship,1.0,"Prestige, Co-op, Wanted a bio degree but not a pure bio degree, UW's reputation, Financial security",Parents,On Campus - Residence,"Typing on a device, Writing on paper",Yes,No,0.0,1,1.0,1-2 hours a week,Taking the stairs,0.0,Neural Engineering Specialization,85-89%,I do not want to go to Cali,Industrial,$90k - $100k,0.0,3.0,7.0,0.0,0.0,0.0,0.0,,"Marijuana, Alcohol, Coffee",Imposter syndrome,Tiring,,94.0,8.0,I attended almost every class,None,8.0,3.0,2.0,4.0,4.0,7.0,5.0,8.0,8.0,2.0,6.0,8.0,4.0,6.0,8.0,7.0,Igor Ivkovic,,93.0,10.0,0.75,0,6.0,3.0,4.0,5.0,8.0,7.0,7.0,5.0,3.0,7.0,8.0,6.0,PSYCH 101,4.0,1.0,Sean Speziale,
17,0.0,Middle Eastern,2002.0,"Dubai, UAE",Islam,Heterosexual,Conservatism,Master's,,50K - 100K,97.0,None,"Member of a club, Leader of a club, Volunteer, Non-engineering job, Art",UofT,5.0,5.0,5.0,5.0,5.0,Part-time job,4.0,"Prestige, Co-op, Opportunity to make impact in society","Uni fair in toronto, uni brochure (BME and SE had lowest acceptance rate)",At home,Writing on a device,Yes,Yes,1.0,5,1.0,3-4 hours a week,Boxing,3.0,Neural and AI,90-94%,Yes,Research,$100k +,38400.0,4.0,5.0,0.0,0.0,0.0,0.0,0.0,Coffee,,Sleep,,3.9,8.0,I skipped every class,None,5.0,4.0,1.0,9.0,3.0,8.0,6.0,8.0,4.0,1.0,2.0,3.0,2.0,3.0,4.0,4.0,George Freeman,"Too many assingments, not enough learning",88.9,8.0,0.0,0,8.0,3.0,4.0,3.0,4.0,4.0,3.0,5.0,5.0,9.0,4.0,4.0,PSYCH 261,6.0,1.0,,112 had way too many assesments. I almost spent more time writing test than studying.
18,1.0,East Asian,2002.0,"Ankang, Shanxi, China","Non-spiritual, non-religious",Heterosexual,Liberalism,Bachelor's,0.0,50K - 100K,98.0,IB,"Leader of a club, Volunteer, Non-engineering job",UBC,4.0,5.0,4.0,2.0,3.0,Part-time job,1.0,"Co-op, Opportunity to make impact in society, Financial security",Waterloo website,At home,Writing on a device,No,No,3.0,2,6.0,> 6 hours a week,Youtube workout videos,1.0,Not sure,85-89%,Yes,Design,$100k +,15000.0,6.0,6.0,1.0,0.0,1.0,1.0,0.0,"Marijuana, Alcohol, Coffee",None of the above,surprising,"""Jenny please mute your mic"" - iconic.",94.0,7.0,I attended almost every class,1-5 times,6.0,3.0,1.0,1.0,7.0,7.0,8.0,7.0,7.0,1.0,1.0,8.0,10.0,1.0,8.0,5.0,Igor Ivkovic,,79.9,8.0,0.5,0,4.0,2.0,9.0,1.0,7.0,2.0,5.0,7.0,1.0,10.0,8.0,5.0,PSYCH 101,2.0,1.0,Jenny Howcroft,lost much motivation for school after landing a job offer in first round
19,1.0,Spanish/Hispanic/Latino,2002.0,"Havana, Cuba","Non-spiritual, non-religious",Heterosexual,Socialism,Master's,,150K - 200K,94.0,None,"Member of a club, Leader of a club, Volunteer, Non-engineering job, Sports, Art",UofT,3.0,2.0,3.0,3.0,2.0,Part-time job,2.0,"Prestige, Co-op, UW's reputation, Wanted to do medicine, but wanted to use engineering as backup degree, Opportunity to make impact in society, Financial security","Alumni from the program, MyBlueprint",At home,"Writing on a device, Writing on paper",Yes,No,0.0,0,0.0,I did not commit to any extra-curricular activities.,Home workouts,4.0,Sports Engineering Specialization,75-79%,I do not want to go to Cali,Biomedical,$50k -  $60k,10000.0,2.0,8.0,1.0,0.0,0.0,0.0,1.0,"Alcohol, Coffee",Imposter syndrome,Tiring,"Sam's ""this post aged like milk"" comment after Yazan's co-op got cancelled.",80.0,8.0,I skipped about half of my classes,None,8.0,2.0,1.0,3.0,6.0,3.0,8.0,9.0,4.0,1.0,9.0,9.0,9.0,6.0,3.0,3.0,George Freeman,The people in the cohort really made it a lot better,78.0,8.0,0.25,0,7.0,2.0,8.0,2.0,3.0,3.0,7.0,2.0,2.0,10.0,4.0,3.0,CLAS 104,1.0,1.0,Sean Speziale,Vibed
20,1.0,Middle Eastern,2002.0,"London, Ontario, Canada","Christianity, Spiritual, non-religious",Heterosexual,Conservatism,High School,0.0,<50K,97.3,None,"Volunteer, Non-engineering job, Religious Activity",Western,1.0,1.0,2.0,2.0,3.0,"Part-time job, Full-time job",2.0,"Co-op, UW's reputation, Wanted to challenge yourself","I saw it had the highest acceptance average at Waterloo (other than SE because I couldn't code), so I applied ",A mix of home and on campus,Writing on a device,Yes,No,0.0,3,1.0,1-2 hours a week,Hiking,7.0,None of them!,75-79%,No,Biomedical,$50k -  $60k,0.0,4.0,2.0,3.0,1.0,2.0,1.0,1.0,"Marijuana, Alcohol, Coffee, Gabapentin","Anxiety, Depression, Personality disorder",Bad,Mike-Hawk,89.0,8.0,I occasionally skipped class,1-5 times,4.0,4.0,2.0,4.0,6.0,5.0,7.0,9.0,8.0,3.0,8.0,8.0,6.0,1.0,9.0,2.0,Igor Ivkovic,Everything went down hill right after,82.0,7.0,0.0,0,8.0,1.0,4.0,3.0,8.0,4.0,9.0,2.0,1.0,10.0,9.0,3.0,PSYCH 101,1.0,1.0,Sean Speziale,
21,1.0,South Asian,2002.0,"Toronto, Ontario, Canada",Islam,Heterosexual,Liberalism,Master's,,300K+,97.0,None,"Member of a club, Leader of a club, Volunteer, Sports, Religious Activity",McMaster,4.0,3.0,3.0,5.0,4.0,Part-time job,2.0,"Prestige, Co-op, Location, Financial security",Alumni from the program,At home,Writing on paper,Yes,No,0.0,0,2.0,1-2 hours a week,Running,3.0,Neural Engineering Specialization,85-89%,No,Biomedical,$100k +,50000.0,5.0,7.0,0.0,0.0,0.0,0.0,2.0,Coffee,"Anxiety, Eating disorder, Imposter syndrome",rollercoaster,Jenny mute your mic,92.0,8.0,I attended almost every class,Too many times to count,9.0,2.0,1.0,2.0,9.0,2.0,8.0,10.0,8.0,1.0,10.0,10.0,7.0,8.0,10.0,2.0,George Freeman,,91.0,9.0,0.5,6-10,7.0,3.0,10.0,2.0,10.0,9.0,5.0,7.0,1.0,10.0,7.0,3.0,PSYCH 101,2.0,1.0,Sean Speziale,
22,1.0,Caucasian,2002.0,"Timişoara, Romania",Christianity,Heterosexual,Liberalism,Master's,,50K - 100K,95.0,AP,"Member of a club, Leader of a club, Volunteer, Sports, Art",McMaster,3.0,3.0,3.0,3.0,3.0,I did not have work experience prior to coming into the program.,4.0,"Co-op, Wanted a bio degree but not a pure bio degree, UW's reputation, Opportunity to make impact in society, Financial security",University tour,At home,"Typing on a device, Writing on paper",Yes,No,1.0,1,1.0,3-4 hours a week,Jogging,2.0,None of them!,80-84%,Yes,Software,$90k - $100k,25000.0,4.0,3.0,2.0,0.0,0.0,0.0,0.0,"Alcohol, Coffee","Anxiety, Depression, Imposter syndrome",Stressful,Jenny mute your mic,92.0,8.5,I attended almost every class,6-10 times,8.0,3.0,1.0,7.0,3.0,8.0,10.0,8.0,8.0,5.0,10.0,10.0,10.0,5.0,10.0,5.0,Igor Ivkovic,,92.0,9.0,0.5,1-5,6.0,2.0,8.0,4.0,10.0,5.0,6.0,7.0,1.0,10.0,9.0,2.0,MUSIC 256,4.0,1.0,Sean Speziale,
23,1.0,South Asian,2002.0,Mississauga,Hinduism,Heterosexual,Liberalism,Bachelor's,,<50K,94.0,"IB, Gifted","Member of a club, Leader of a club, Volunteer, Non-engineering job, Sports",McMaster,5.0,3.0,4.0,4.0,3.0,Part-time job,1.0,"Co-op, UW's reputation, Because I liked the content? I wanted to be a biomedical engineer.",Went to a BME conference.,At home,Writing on a device,Yes,No,1.0,0,0.0,I did not commit to any extra-curricular activities.,None.,0.0,French minor.,85-89%,I do not want to go to Cali,Biomedical,$90k - $100k,40000.0,5.0,9.0,0.0,0.0,1.0,0.0,0.0,"Marijuana, Alcohol, Coffee","Anxiety, Depression, Imposter syndrome",Boring,,87.0,9.0,I occasionally went to class,Too many times to count,7.0,2.0,1.0,3.0,6.0,3.0,8.0,7.0,5.0,1.0,5.0,10.0,7.0,6.0,6.0,6.0,Jenny Howcroft,nope,87.0,9.0,0.25,11-20,2.0,2.0,7.0,2.0,5.0,5.0,10.0,4.0,1.0,8.0,9.0,3.0,FR 192A,3.0,1.0,Jenny Howcroft,loved it much more than 1A
24,0.0,East Asian,2002.0,"Toronto, Ontario, Canada",Agnostic,Heterosexual,Liberalism,Master's,,100K - 150K,99.0,"AP, French Immersion","Member of a club, Leader of a club, Volunteer, Sports",Waterloo (other than BME),4.0,3.0,3.0,3.0,4.0,I did not have work experience prior to coming into the program.,2.0,"Prestige, Co-op, Wanted a bio degree but not a pure bio degree, UW's reputation, Parents, Wanted to do medicine, but wanted to use engineering as backup degree, Opportunity to make impact in society",University tour,At home,"Writing on a device, Writing on paper, Annotating PDF slides",Yes,No,0.0,0,0.0,I did not commit to any extra-curricular activities.,Karate,2.0,Software Engineering Option,90-94%,No,School - Masters,$50k -  $60k,25000.0,3.0,8.0,1.0,0.0,0.0,0.0,2.0,Coffee,Imposter syndrome,Draining,"Chrys' homomorphism obsession, discord emotes ""Sean approves"" + ""chrys smile"", jenny mute your mic, kofman foot obsession, Freeman's incredible playlist",91.91,6.0,I occasionally skipped class,1-5 times,6.0,2.0,1.0,4.0,3.0,3.0,4.0,4.0,5.0,5.0,8.0,10.0,5.0,4.0,9.0,7.0,Igor Ivkovic,"RIP Igor, we all love you very much",89.18,6.0,0.25,1-5,7.0,2.0,6.0,3.0,8.0,8.0,10.0,3.0,1.0,8.0,5.0,2.0,PSYCH 101,1.0,1.0,Sean Speziale,Co-op search made a relatively easy semester much more stressful
25,0.0,Caucasian,2002.0,"Toronto, Ontario, Canada","Non-spiritual, non-religious",Heterosexual,Liberalism,PhD,,150K - 200K,93.0,Extended French,"Member of a club, Volunteer, Non-engineering job, Sports",UofT,5.0,3.0,2.0,1.0,3.0,Part-time job,1.0,"Prestige, Co-op, Location, Wanted a bio degree but not a pure bio degree, UW's reputation, Parents, Wanted to challenge yourself, Opportunity to make impact in society, Financial security",University tour,A mix of home and on campus,"Typing on a device, Writing on a device",Yes,No,0.0,1,2.0,> 6 hours a week,Running,3.0,None of them!,70-74%,No,Software,,0.0,5.0,5.0,2.0,0.0,1.0,1.0,0.0,"Marijuana, Alcohol, Tabacco, Coffee","Anxiety, Depression, Imposter syndrome",depression,"""Jenny mute your mic"" LMFAO ",88.0,6.0,I occasionally skipped class,6-10 times,6.0,2.0,2.0,3.0,9.0,4.0,4.0,10.0,8.0,1.0,10.0,10.0,8.0,5.0,10.0,9.0,Igor Ivkovic,life was better here and we didn't know it,87.0,5.0,0.25,6-10,9.0,1.0,4.0,1.0,10.0,6.0,10.0,7.0,1.0,10.0,8.0,2.0,GEOG 101,1.0,1.0,Sean Speziale,I didn't know burn out till 1B
26,1.0,Caucasian,2002.0,"Timisoara, Transylvania, Romania","Christianity, Spiritual, non-religious",Homosexual,Socialism,Master's,,50K - 100K,88.7,"IB, Gifted","Member of a club, Volunteer, Engineering job, Non-engineering job, Sports, Art",Western,5.0,4.0,3.0,3.0,4.0,"Part-time job, Internship",2.0,"Prestige, Co-op, Wanted a bio degree but not a pure bio degree, UW's reputation, Wanted to challenge yourself, Opportunity to make impact in society",University tour,At home,Writing on a device,No,No,2.0,0,2.0,3-4 hours a week,Running,4.0,Neural Engineering Specialization,80-84%,I do not want to go to Cali,School - PhD,$90k - $100k,80000.0,3.0,9.0,3.0,1.0,1.0,1.0,2.0,"Marijuana, Alcohol, Tabacco, LSD, Coffee","Anxiety, Depression, Sleep disorder, Imposter syndrome",exhausting,"Chrys' tweet: ""Incoming first years do not understand cartesian products. Like at all.""",87.36,8.0,I occasionally skipped class,6-10 times,8.0,3.0,1.0,2.0,3.0,4.0,6.0,9.0,5.0,7.0,7.0,10.0,10.0,9.0,9.0,8.0,Igor Ivkovic,much tiring,79.45,8.0,0.75,1-5,6.0,3.0,5.0,2.0,9.0,9.0,10.0,3.0,1.0,9.0,9.0,7.0,PSYCH 101,1.0,1.0,Sean Speziale,"who cares about grades, I chose peace"
27,1.0,South Asian,2001.0,"Dhaka, Banlgadesh",Islam,Heterosexual,Prefer not to say,Master's,,250K - 300K,93.0,Cambridge Assessment International Education,"Member of a club, Leader of a club, Volunteer, Sports",UofT,3.0,4.0,3.0,5.0,4.0,Internship,1.0,"Co-op, Wanted a bio degree but not a pure bio degree, UW's reputation, Wanted to do medicine, but wanted to use engineering as backup degree, Opportunity to make impact in society, Financial security",Guidance Councilor,At home,"Typing on a device, Writing on paper",No,No,0.0,0,0.0,I did not commit to any extra-curricular activities.,,2.0,Biomechanics Option,80-84%,Yes,School - Masters,$50k -  $60k,,3.0,6.0,2.0,1.0,0.0,0.0,1.0,None,"Anxiety, Depression, Sleep disorder, Eating disorder, Imposter syndrome",Exhausting,121 Labs ending abruptly,86.0,8.0,I occasionally skipped class,Too many times to count,9.0,2.0,2.0,4.0,8.0,5.0,7.0,10.0,7.0,8.0,9.0,10.0,10.0,8.0,9.0,8.0,Igor Ivkovic,,85.0,8.0,0.5,6-10,8.0,3.0,8.0,3.0,10.0,4.0,5.0,6.0,2.0,10.0,7.0,4.0,ECON 101,3.0,1.0,Sean Speziale,
28,1.0,South Asian,2002.0,"New Delhi, India","Non-spiritual, non-religious",Bisexual,Liberalism,Master's,,100K - 150K,96.0,None,"Member of a club, Volunteer, Art",Overseas,4.0,4.0,3.0,3.0,5.0,I did not have work experience prior to coming into the program.,2.0,"Co-op, Wanted a bio degree but not a pure bio degree, UW's reputation, Opportunity to make impact in society",The Internet,At home,"Typing on a device, Writing on a device, Writing on paper",Yes,Yes,1.0,3,4.0,3-4 hours a week,Walking,3.0,Neural Engineering Specialization,90-94%,I do not want to go to Cali,School - PhD,$100k +,0.0,3.0,7.0,0.0,0.0,0.0,0.0,2.0,"Alcohol, Coffee","Anxiety, Imposter syndrome",,Jenny mute your mic,94.0,7.0,I attended almost every class,None,6.0,3.0,1.0,7.0,7.0,6.0,7.0,6.0,5.0,5.0,8.0,10.0,6.0,7.0,9.0,7.0,Igor Ivkovic,,89.0,7.0,0.25,0,8.0,2.0,6.0,1.0,8.0,7.0,6.0,5.0,2.0,8.0,6.0,6.0,PSYCH 261,6.0,1.0,Sean Speziale,
29,0.0,South Asian,2003.0,"Mississauga, ON, Canada",Hinduism,Heterosexual,Conservatism,Bachelor's,,250K - 300K,97.0,Gifted,"Member of a club, Leader of a club, Religious Activity",Waterloo (other than BME),4.0,3.0,4.0,4.0,4.0,I did not have work experience prior to coming into the program.,1.0,"Prestige, Co-op, Location, UW's reputation","University tour, Ontario University Fair",On Campus - Residence,"Typing on a device, Writing on a device, Writing on paper",Yes,No,1.0,0,0.0,I did not commit to any extra-curricular activities.,Walks on campus,9.0,None of them!,85-89%,Yes,Business,$100k +,,4.0,5.0,0.0,0.0,0.0,0.0,2.0,Coffee,None of the above,Over,All of the above,90.0,6.5,I occasionally skipped class,None,4.0,4.0,1.0,6.0,8.0,4.0,8.0,9.0,10.0,4.0,7.0,9.0,9.0,6.0,9.0,9.0,Igor Ivkovic,Nah do you?,91.0,7.0,0.0,0,5.0,3.0,7.0,3.0,9.0,9.0,9.0,3.0,1.0,10.0,8.0,9.0,PSYCH 101,1.0,0.0,Sean Speziale,Nah do you?
30,1.0,East Asian,2002.0,,,Heterosexual,,Bachelor's,,,93.0,AP,"Volunteer, Non-engineering job, Sports, Art",Carleton,3.0,3.0,3.0,3.0,3.0,"Part-time job, Full-time job",1.0,"Prestige, Co-op, UW's reputation, Wanted to challenge yourself",,At home,"Typing on a device, Writing on a device, Writing on paper",Yes,No,1.0,1,0.0,3-4 hours a week,,2.0,Sports Engineering Specialization,,,,,,2.0,4.0,0.0,,,0.0,1.0,"Alcohol, Coffee",,,,,8.0,I occasionally skipped class,1-5 times,8.0,2.0,2.0,3.0,5.0,4.0,6.0,9.0,10.0,8.0,10.0,10.0,8.0,7.0,5.0,5.0,Igor Ivkovic,,,8.0,0.5,1-5,8.0,3.0,7.0,8.0,5.0,5.0,8.0,3.0,2.0,9.0,5.0,2.0,ECON 101,3.0,1.0,,
31,,East Asian,2002.0,"Taipei, Taiwan","Non-spiritual, non-religious",Heterosexual,Liberalism,PhD,,100K - 150K,95.0,"AP, University Courses","Member of a club, Leader of a club, Volunteer, Engineering job, Sports, Research, Science Competitions",UBC,4.0,3.0,4.0,5.0,4.0,"Part-time job, Internship",4.0,"Co-op, Wanted a bio degree but not a pure bio degree, UW's reputation, Wanted to challenge yourself, Opportunity to make impact in society",Website,At home,Writing on paper,Yes,No,6.0,2,3.0,5-6 hours a week,Running,3.0,Neural Engineering Specialization,90-94%,Yes,School - PhD,,,3.0,8.0,0.0,0.0,0.0,0.0,0.0,Coffee,Anxiety,,,93.4,7.0,I occasionally skipped class,1-5 times,7.0,3.0,4.0,5.0,6.0,6.0,7.0,8.0,9.0,2.0,5.0,9.0,9.0,6.0,6.0,7.0,Sean Speziale,,90.2,7.0,0.25,1-5,5.0,3.0,9.0,6.0,7.0,6.0,9.0,7.0,3.0,9.0,8.0,4.0,PSYCH 101,6.0,1.0,Sean Speziale,
32,1.0,East Asian,2002.0,"Waterloo, Ontario, Canada","Non-spiritual, non-religious",Heterosexual,Conservatism,Master's,,100K - 150K,97.0,AP,"Member of a club, Leader of a club, Volunteer, Non-engineering job, Sports, Art",Waterloo (other than BME),3.0,4.0,2.0,4.0,5.0,"Part-time job, Internship",4.0,"Prestige, Co-op, Location, Parents, Wanted to challenge yourself","Alumni from the program, friends",At home,"Typing on a device, Writing on a device, Writing on paper",Yes,Yes,3.0,2,1.0,1-2 hours a week,walking,9.0,None of them!,90-94%,I do not want to go to Cali,Biomedical,$100k +,0.0,4.0,8.0,0.0,0.0,0.0,0.0,1.0,None,"Anxiety, Sleep disorder",Stressful,,94.0,6.0,I attended almost every class,1-5 times,8.0,4.0,3.0,6.0,3.0,5.0,7.0,8.0,9.0,8.0,7.0,6.0,6.0,2.0,2.0,2.0,Chrys,It was hard to have so many courses ,93.0,6.0,0.75,1-5,10.0,2.0,5.0,2.0,4.0,5.0,7.0,2.0,2.0,8.0,7.0,4.0,MUSIC 140,1.0,1.0,"Simon Wood, Sean Speziale",Co-op search was crushing
33,0.0,,2002.0,"Mississauga, Ontario, Canada",Islam,Homosexual,,Bachelor's,,<50K,95.3,None,"Member of a club, Leader of a club, Volunteer, Sports",Western,4.0,3.0,4.0,4.0,4.0,Part-time job,1.0,"Co-op, Location, UW's reputation, Financial security",Alumni from the program,At home,"Writing on a device, Writing on paper",Yes,No,2.0,1,1.0,1-2 hours a week,Tennis,2.0,Software Engineering Option,90-94%,Yes,Business,$100k +,30000.0,4.0,6.0,0.0,0.0,0.0,0.0,4.0,Coffee,"Anxiety, Depression, Imposter syndrome",Interesting,Jenny mute your mice for sureee,3.96,6.0,I occasionally went to class,None,7.0,2.0,1.0,3.0,6.0,3.0,6.0,6.0,7.0,3.0,3.0,8.0,3.0,8.0,8.0,4.0,Igor Ivkovic,Stressed way more than I should have. Lucky to have met a great group of friends in the second week who I have grown really close with over the last year.,88.9,7.0,0.25,0,3.0,3.0,7.0,4.0,7.0,7.0,4.0,2.0,2.0,6.0,5.0,2.0,MSCI 211,4.0,0.0,Sean Speziale,"Way less stressful and course load was lighter. Would be better imo if they had switched around the content for 1A and 1B. Despite it being stressful, I actually enjoyed looking for a coop this term."
34,1.0,"East Asian, Southeast Asian",2002.0,"Toronto, Ontario, Canada",Christianity,Heterosexual,,Bachelor's,,50K - 100K,95.0,None,"Member of a club, Leader of a club, Volunteer, Non-engineering job, Sports, Art, Religious Activity",UofT,4.0,3.0,3.0,3.0,3.0,"Part-time job, Full-time job",1.0,"Prestige, Co-op, Location, UW's reputation, Wanted to challenge yourself, Opportunity to make impact in society, Financial security",University tour,At home,Typing on a device,Yes,No,3.0,1,1.0,3-4 hours a week,,0.0,Neural Engineering Specialization,80-84%,No,Biomedical,$100k +,20000.0,4.0,4.0,2.0,1.0,0.0,0.0,5.0,Coffee,"Anxiety, Depression, Sleep disorder, Eating disorder, Imposter syndrome",Messy,Yazan could fight almost any animal and win barehanded.,85.0,8.0,I skipped about half of my classes,1-5 times,8.0,1.0,1.0,2.0,8.0,4.0,7.0,9.0,9.0,3.0,8.0,8.0,6.0,9.0,9.0,9.0,Igor Ivkovic,,82.0,9.0,0.0,6-10,6.0,2.0,3.0,2.0,9.0,9.0,9.0,2.0,1.0,10.0,10.0,5.0,PSYCH 101,3.0,1.0,Jenny Howcroft,
35,0.0,Caucasian,2002.0,"Abbotsford, BC Canada",Christianity,Heterosexual,Conservatism,Bachelor's,0.0,300K+,98.0,None,"Member of a club, Volunteer, Non-engineering job, Sports, Art, Religious Activity",UBC,4.0,4.0,5.0,4.0,4.0,Part-time job,2.0,"Co-op, Wanted a bio degree but not a pure bio degree, UW's reputation, Wanted to challenge yourself, Wanted to do medicine, but wanted to use engineering as backup degree",Online,On Campus - Residence,Writing on paper,No,No,1.0,3,1.0,1-2 hours a week,Gym/volleyball,7.0,Sports Engineering Specialization,90-94%,Yes,School - Medical/Dentistry/Pharmaceutical,$100k +,0.0,3.0,3.0,1.0,0.0,1.0,0.0,0.0,"Alcohol, Coffee",Anxiety,Disappointing ,,97.0,7.5,I occasionally skipped class,None,8.0,3.0,1.0,4.0,2.0,6.0,4.0,8.0,6.0,6.0,10.0,6.0,5.0,3.0,5.0,5.0,Sean Speziale,,94.0,7.5,0.25,0,9.0,3.0,3.0,1.0,5.0,3.0,5.0,4.0,1.0,7.0,7.0,6.0,MSCI 211,4.0,0.0,Sean Speziale,
36,0.0,Caucasian,2002.0,"Burnaby, BC, Canada","Non-spiritual, non-religious",Bisexual,Centrism,High School,0.0,100K - 150K,99.0,"AP, Gifted","Member of a club, Leader of a club, Volunteer, Non-engineering job, Sports",UBC,5.0,4.0,4.0,5.0,4.0,Part-time job,1.0,"Co-op, Wanted a bio degree but not a pure bio degree, UW's reputation",Personal research ,At home,Didn't take notes at all,No,No,0.0,0,0.0,I did not commit to any extra-curricular activities.,Sex—I don't know if you're counting that,4.0,Life Sciences Option,90-94%,I do not want to go to Cali,Research,$100k +,0.0,5.0,8.0,1.0,0.0,1.0,1.0,0.0,"Alcohol, Coffee","Sleep disorder, ADD/ADHD",Friendly,,96.0,5.0,I attended almost every class,None,8.0,4.0,2.0,3.0,9.0,7.0,7.0,1.0,6.0,6.0,3.0,9.0,10.0,6.0,8.0,5.0,George Freeman,,94.0,6.0,0.25,0,7.0,4.0,10.0,4.0,7.0,5.0,8.0,7.0,1.0,2.0,6.0,9.0,,7.0,0.0,Jenny Howcroft,
37,0.0,South Asian,2002.0,"Markham, Ontario, Canada",Hinduism,Heterosexual,Liberalism,Bachelor's,,100K - 150K,93.8,,"Member of a club, Volunteer, Non-engineering job, Sports, Art",United States,4.0,4.0,3.0,5.0,5.0,Part-time job,3.0,"Prestige, Co-op, UW's reputation, Parents, Wanted to challenge yourself, Opportunity to make impact in society","Parents, Alumni from the program, University tour",At home,"Typing on a device, Writing on a device, Writing on paper",No,No,0.0,0,1.0,1-2 hours a week,Walking,7.0,Artificial Intelligence Option,90-94%,Yes,Software,$100k +,,3.0,7.0,0.0,0.0,0.0,0.0,0.0,None,Anxiety,Interesting,Kofman's feet,90.0,7.0,I occasionally skipped class,1-5 times,6.0,3.0,2.0,5.0,3.0,5.0,7.0,5.0,6.0,5.0,8.0,10.0,8.0,6.0,8.0,7.0,Igor Ivkovic,,91.0,7.0,0.75,1-5,5.0,4.0,8.0,6.0,8.0,9.0,8.0,5.0,1.0,5.0,8.0,2.0,MUSIC 111,2.0,1.0,Karen Sunabacka,
38,1.0,Caucasian,2002.0,"Waterloo, ON, Canada",Christianity,Heterosexual,Conservatism,Bachelor's,0.0,250K - 300K,98.0,AP,"Member of a club, Leader of a club, Volunteer, Non-engineering job, Sports, Religious Activity",McMaster,5.0,4.0,4.0,5.0,4.0,Part-time job,3.0,"Prestige, Co-op, Location, UW's reputation, Wanted to challenge yourself, Opportunity to make impact in society",University tour,At home,"Typing on a device, Writing on a device, Writing on paper",No,No,1.0,2,3.0,3-4 hours a week,Running,6.0,Software Engineering Option,85-89%,I do not want to go to Cali,Software,$90k - $100k,20000.0,2.0,3.0,0.0,0.0,0.0,0.0,0.0,Coffee,None of the above,Growth,,95.0,7.0,I attended almost every class,None,5.0,4.0,2.0,4.0,5.0,6.0,6.0,8.0,6.0,2.0,2.0,9.0,8.0,2.0,6.0,5.0,George Freeman,,93.0,7.0,0.75,0,4.0,4.0,10.0,2.0,7.0,2.0,9.0,2.0,1.0,10.0,3.0,1.0,PSYCH 101,3.0,1.0,"Sean Speziale, Jenny Howcroft",
39,0.0,Caucasian,2002.0,"Sarnia, Ontario, Canada","Spiritual, non-religious",Heterosexual,Centrism,Master's,,200K - 250K,96.5,Gifted,"Member of a club, Leader of a club, Volunteer, Non-engineering job, Sports",McMaster,5.0,4.0,3.0,4.0,5.0,Part-time job,1.0,"Prestige, Co-op, UW's reputation, Opportunity to make impact in society","Guidance Councilor, Alumni from the program",On Campus - Residence,Writing on paper,Yes,Yes,0.0,1,1.0,3-4 hours a week,Running,8.0,Life Sciences Option,85-89%,Yes,Hardware,$90k - $100k,0.0,5.0,3.0,2.0,1.0,1.0,1.0,0.0,"Marijuana, Alcohol, Tabacco, Nitrous Oxide  (Whippets), Coffee",None of the above,Over,Ruining Jenny's day in the chat,91.0,7.0,I occasionally skipped class,None,7.0,3.0,1.0,6.0,9.0,3.0,6.0,8.0,4.0,2.0,9.0,10.0,7.0,1.0,7.0,3.0,Sean Speziale,,91.0,,0.75,0,4.0,4.0,8.0,3.0,8.0,2.0,8.0,5.0,2.0,8.0,4.0,6.0,PSYCH 101,1.0,1.0,Sean Speziale,Overloader gang
40,1.0,Caucasian,2002.0,"Brampton, ON, Canada",Christianity,Heterosexual,Conservatism,Master's,,150K - 200K,97.0,None,"Member of a club, Volunteer, Non-engineering job, Sports, Art, Religious Activity",McMaster,4.0,4.0,4.0,4.0,4.0,"Part-time job, Full-time job",1.0,"Prestige, Co-op, Wanted a bio degree but not a pure bio degree, UW's reputation, Parents, Opportunity to make impact in society",Parents,At home,Writing on paper,No,No,0.0,0,1.0,3-4 hours a week,running,7.0,Biomechanics Option,80-84%,I do not want to go to Cali,School - Masters,$90k - $100k,0.0,3.0,2.0,3.0,0.0,3.0,0.0,0.0,"Marijuana, Alcohol, Tabacco, Coffee",Imposter syndrome,sad,"""jenny pls mute your mic""",91.6,9.0,I attended almost every class,6-10 times,8.0,2.0,2.0,3.0,9.0,4.0,6.0,9.0,8.0,4.0,4.0,8.0,7.0,3.0,8.0,8.0,Igor Ivkovic,,92.3,9.0,1.0,1-5,2.0,3.0,7.0,1.0,9.0,7.0,6.0,3.0,1.0,10.0,6.0,2.0,PSYCH 101,2.0,1.0,Sean Speziale,
41,0.0,East Asian,2002.0,"Richmond Hill, Ontario, Canada","Non-spiritual, non-religious",Heterosexual,Liberalism,Bachelor's,0.0,300K+,99.0,AP,"Member of a club, Leader of a club, Volunteer, Sports",Western,2.0,3.0,4.0,4.0,3.0,I did not have work experience prior to coming into the program.,2.0,"Prestige, Co-op, UW's reputation, Wanted to do medicine, but wanted to use engineering as backup degree, Opportunity to make impact in society, Financial security",University tour,At home,"Writing on a device, Writing on paper",Yes,No,0.0,1,0.0,I did not commit to any extra-curricular activities.,,,Artificial Intelligence Option,85-89%,Yes,,$90k - $100k,,2.0,8.0,0.0,0.0,0.0,0.0,0.0,None,Imposter syndrome,,,92.0,7.0,I skipped about half of my classes,1-5 times,6.0,2.0,1.0,6.0,9.0,8.0,8.0,8.0,6.0,2.0,9.0,10.0,9.0,3.0,5.0,3.0,Igor Ivkovic,,85.0,7.0,0.5,1-5,8.0,2.0,5.0,2.0,5.0,2.0,8.0,3.0,2.0,9.0,6.0,8.0,PSYCH 101,3.0,0.0,Sean Speziale,
42,1.0,East Asian,2002.0,"Shenzhen, Guangdong, China","Non-spiritual, non-religious",confused,Liberalism,Master's,,100K - 150K,98.0,IB,"Member of a club, Leader of a club, Volunteer, Non-engineering job",McGill,3.0,4.0,3.0,2.0,3.0,Part-time job,3.0,"Prestige, Co-op, UW's reputation, Parents, Opportunity to make impact in society, Financial security",Online research,A mix of home and on campus,Writing on paper,Yes,No,2.0,3,1.0,3-4 hours a week,Youtube workouts,2.0,Software Engineering Option,85-89%,No,not sure,$50k -  $60k,0.0,,8.0,3.0,0.0,1.0,1.0,2.0,"Marijuana, Alcohol, Coffee","Anxiety, Imposter syndrome",ehh,"Everyone bullying Christina on server, definitely the jenny mute your mic moment, 42 <3",3.88,7.0,I skipped about half of my classes,1-5 times,6.0,2.0,1.0,3.0,4.0,6.0,7.0,6.0,5.0,2.0,9.0,9.0,8.0,3.0,10.0,5.0,Igor Ivkovic,,88.9,7.0,0.0,1-5,5.0,2.0,7.0,2.0,9.0,4.0,7.0,4.0,1.0,9.0,7.0,3.0,PSYCH 101,4.0,1.0,Sean Speziale,
43,0.0,East Asian,2002.0,"Guangdong, China","Non-spiritual, non-religious",Heterosexual,Conservatism,Technical Degree/Diploma,0.0,100K - 150K,96.0,IB,"Member of a club, Leader of a club, Member of a council",UofT,4.0,4.0,4.0,4.0,4.0,I did not have work experience prior to coming into the program.,2.0,"Co-op, Location, Opportunity to make impact in society, Always wanted to go into BME",Searching the web as a kid ,Near Campus - Off campus housing,"Typing on a device, Writing on a device, Writing on paper",No,No,2.0,3,2.0,5-6 hours a week,Workout ,5.0,Biomechanics Option,80-84%,I do not want to go to Cali,School - Masters,$90k - $100k,0.0,4.0,8.0,0.0,0.0,0.0,0.0,3.0,Coffee,Anxiety,Underwhelming ,Chrys explaining the definition of rows and cols for 5 minutes,3.94,7.5,I occasionally skipped class,1-5 times,7.0,3.0,2.0,6.0,7.0,6.0,7.0,8.0,9.0,3.0,6.0,10.0,7.0,8.0,9.0,8.0,George Freeman,"Kinda scuffed, but let's hope for an amazing rest of of undergrad! ",88.9,7.5,0.75,0,6.0,4.0,6.0,5.0,9.0,7.0,9.0,5.0,2.0,9.0,7.0,3.0,PSYCH 101,5.0,1.0,Sean Speziale ,
44,0.0,Southeast Asian,2002.0,"Toronto, Ontario",Islam,Heterosexual,Theocratic,Bachelor's,0.0,<50K,93.6,None,"Member of a club, Leader of a club, Volunteer, Started a company / organization, Religious Activity",UofT,4.0,2.0,4.0,5.0,3.0,Full-time job,4.0,"Wanted to do medicine, but wanted to use engineering as backup degree","Guidance Councilor, Alumni from the program",At home,"Typing on a device, Writing on a device",No,No,3.0,1,0.0,1-2 hours a week,biking,3.0,Artificial Intelligence Option,70-74%,No,Biomedical,$90k - $100k,0.0,4.0,5.0,0.0,0.0,0.0,0.0,0.0,None,"Anxiety, Depression, Imposter syndrome",Interesting,Nehaniv explaining matricies,3.5,8.0,I attended almost every class,1-5 times,9.0,1.0,2.0,4.0,6.0,5.0,6.0,10.0,10.0,3.0,10.0,10.0,9.0,8.0,10.0,6.0,Igor Ivkovic,,88.9,8.0,0.25,1-5,4.0,3.0,9.0,2.0,10.0,8.0,10.0,5.0,2.0,10.0,6.0,2.0,ARABIC 101,3.0,1.0,Sean Speziale,
45,1.0,African American/Black,2002.0,"Johannesburg, South Africa",Christianity,Heterosexual,,High School,0.0,<50K,94.75,AP,"Member of a club, Volunteer, Non-engineering job, Sports, Art, Religious Activity",McMaster,2.0,2.0,3.0,4.0,3.0,"Part-time job, Internship",1.0,"Location, Wanted a bio degree but not a pure bio degree, UW's reputation, Wanted to challenge yourself, Opportunity to make impact in society, Financial security",University tour,At home,Writing on paper,No,No,0.0,0,1.0,1-2 hours a week,15 minute Youtube workouts,2.0,Biomechanics Option,70-74%,No,Research,,,2.0,9.0,0.0,0.0,0.0,0.0,,Coffee,"Anxiety, Depression, Sleep disorder, Imposter syndrome",,,,6.0,I attended almost every class,6-10 times,7.0,3.0,1.0,1.0,7.0,3.0,10.0,10.0,8.0,1.0,6.0,6.0,5.0,3.0,6.0,6.0,Igor Ivkovic,,,6.0,0.75,11-20,9.0,1.0,6.0,3.0,8.0,7.0,4.0,2.0,2.0,10.0,9.0,8.0,PSYCH 101,1.0,1.0,Jenny Howcroft,
46,1.0,Middle Eastern,2001.0,"Ankara,Turkey",Islam,Heterosexual,Liberalism,Bachelor's,,<50K,95.0,None,"Leader of a club, Volunteer, Non-engineering job, Religious Activity",McMaster,3.0,3.0,3.0,3.0,3.0,Part-time job,1.0,"Prestige, Co-op, Wanted a bio degree but not a pure bio degree, UW's reputation, Wanted to challenge yourself, Opportunity to make impact in society, Financial security",Guidance Councilor,On Campus - Residence,Writing on a device,No,No,1.0,2,3.0,3-4 hours a week,going to uptown weekly,2.0,Artificial Intelligence Option,75-79%,Yes,Software,$90k - $100k,30.0,5.0,4.0,0.0,0.0,0.0,0.0,1.0,Coffee,"Anxiety, Depression, Sleep disorder, Eating disorder, Imposter syndrome",nice,,91.0,4.0,I occasionally went to class,6-10 times,9.0,2.0,1.0,7.0,9.0,10.0,10.0,10.0,7.0,1.0,10.0,10.0,2.0,9.0,10.0,10.0,Igor Ivkovic,,89.0,3.0,0.25,6-10,10.0,2.0,4.0,8.0,10.0,10.0,10.0,4.0,1.0,10.0,5.0,10.0,PSYCH 101,,0.0,Nima,
47,0.0,Spanish/Hispanic/Latino,2000.0,Panama,Catholic,Demisexual,none,Bachelor's,,100K - 150K,95.0,None,"Member of a club, Leader of a club, Volunteer, Religious Activity",United States,4.0,4.0,5.0,5.0,4.0,I did not have work experience prior to coming into the program.,2.0,"Wanted to challenge yourself, Wanted to do medicine, but wanted to use engineering as backup degree, Opportunity to make impact in society",Government announcement from my country,Near Campus - Off campus housing,Writing on a device,Yes,Yes,0.0,2,1.0,1-2 hours a week,Running,4.0,Neural Engineering Specialization,85-89%,I do not want to go to Cali,Biomedical,$90k - $100k,0.0,5.0,5.0,2.0,0.0,0.0,0.0,0.0,"Marijuana, Alcohol, Psilocybin (Magic mushrooms), Coffee","Anxiety, Depression, Sleep disorder, Imposter syndrome",Hunger games ,"I'm sorry but none u.u, I don't remember any moment rn",82.0,4.0,I attended almost every class,None,10.0,3.0,1.0,6.0,9.0,7.0,7.0,9.0,7.0,2.0,8.0,9.0,7.0,5.0,9.0,9.0,Igor Ivkovic,Stressful but fun term,70.0,4.0,0.75,0,10.0,2.0,8.0,4.0,9.0,3.0,5.0,7.0,2.0,10.0,7.0,6.0,PSYCH 101,4.0,1.0,Jenny Howcroft,Hunger games catching fire
48,1.0,East Asian,,"Calgary, AB, Canada","Spiritual, non-religious",Prefer not to say,Socialism,PhD,,150K - 200K,96.0,IB,"Member of a club, Leader of a club, Volunteer",UofT,1.0,2.0,3.0,5.0,4.0,I did not have work experience prior to coming into the program.,1.0,"Co-op, Wanted a bio degree but not a pure bio degree, UW's reputation, Opportunity to make impact in society, Financial security, Personal Inrerest in BME",Google Search,At home,"Typing on a device, Writing on paper",No,No,0.0,0,1.0,3-4 hours a week,Walks,2.0,None of them!,80-84%,I do not want to go to Cali,Software,$50k -  $60k,0.0,1.0,9.0,0.0,0.0,0.0,0.0,0.0,"Alcohol, Coffee",Imposter syndrome,Homework,,90.0,10.0,I skipped about half of my classes,None,5.0,2.0,2.0,8.0,5.0,6.0,7.0,8.0,8.0,1.0,7.0,10.0,7.0,5.0,5.0,5.0,George Freeman,,87.0,10.0,0.5,0,2.0,1.0,7.0,4.0,5.0,5.0,9.0,6.0,1.0,10.0,7.0,10.0,PHIL 101,5.0,1.0,Jenny Howcroft,
49,1.0,East Asian,2002.0,"Montreal, Quebec, Canada","Non-spiritual, non-religious",Heterosexual,Liberalism,Master's,,150K - 200K,97.0,IB,"Leader of a club, Volunteer, Art",UofT,4.0,3.0,4.0,5.0,3.0,I did not have work experience prior to coming into the program.,3.0,"Prestige, Co-op, UW's reputation",friends,On Campus - Residence,Writing on a device,,Yes,3.0,2,3.0,3-4 hours a week,,,Software Engineering Option,85-89%,Yes,Business,$90k - $100k,,4.0,3.0,1.0,0.0,0.0,1.0,0.0,"Marijuana, Alcohol, Coffee",Imposter syndrome,Overrated,,93.0,8.0,I attended almost every class,1-5 times,7.0,4.0,2.0,7.0,2.0,9.0,6.0,8.0,8.0,1.0,8.0,10.0,8.0,5.0,8.0,3.0,Igor Ivkovic,,94.0,8.0,0.75,1-5,6.0,4.0,8.0,3.0,7.0,6.0,10.0,7.0,3.0,10.0,8.0,3.0,AFM 131,1.0,1.0,,
50,1.0,Middle Eastern,2002.0,"Mississauga, Ontario, Canada",,Bisexual,Liberalism,Bachelor's,0.0,50K - 100K,94.0,None,"Member of a club, Leader of a club, Volunteer, Non-engineering job, Sports, Art",McMaster,5.0,4.0,5.0,4.0,4.0,Part-time job,1.0,"Co-op, UW's reputation, Wanted to challenge yourself, Wanted to do medicine, but wanted to use engineering as backup degree, Financial security",Sibling,At home,"Typing on a device, Writing on paper",No,No,3.0,0,0.0,I did not commit to any extra-curricular activities.,,0.0,Biomechanics Option,75-79%,Yes,Biomedical,$50k -  $60k,0.0,5.0,8.0,2.0,0.0,1.0,1.0,0.0,"Alcohol, Coffee","Anxiety, Depression, Eating disorder",Lonely,,86.0,6.0,,Too many times to count,8.0,1.0,2.0,4.0,6.0,4.0,9.0,8.0,4.0,1.0,7.0,6.0,5.0,4.0,8.0,7.0,Sean Speziale,,90.0,8.0,0.0,11-20,7.0,2.0,6.0,2.0,7.0,6.0,3.0,4.0,1.0,9.0,5.0,4.0,CLAS 104,2.0,1.0,Sean Speziale,
51,1.0,South Asian,2002.0,Toronto,"Non-spiritual, non-religious",Heterosexual,Liberalism,Master's,0.0,,94.5,AP,"Member of a club, Leader of a club, Volunteer, Non-engineering job, Sports, Art",McGill,4.0,3.0,4.0,4.0,4.0,Part-time job,4.0,"Prestige, Co-op, Opportunity to make impact in society",research,On Campus - Residence,"Typing on a device, Writing on paper",,No,1.0,2,1.0,1-2 hours a week,Walking LOL,6.0,Biomechanics Option,75-79%,Yes,School - Masters,$50k -  $60k,,6.0,2.0,0.0,1.0,1.0,5.0,,"Marijuana, Alcohol, Tabacco, Psilocybin (Magic mushrooms), Adderall/Ritalin and equivalents, Coffee",Imposter syndrome,Eventful,,90.3,8.0,I attended almost every class,6-10 times,7.0,2.0,1.0,3.0,2.0,4.0,8.0,9.0,7.0,2.0,8.0,10.0,4.0,8.0,10.0,8.0,George Freeman,,90.2,7.0,0.25,6-10,6.0,1.0,5.0,2.0,10.0,8.0,5.0,4.0,1.0,10.0,8.0,6.0,PSYCH 101,2.0,1.0,Sean Speziale,
52,0.0,Caucasian,2002.0,"Toronto, Ontario, Canada",Christianity,Heterosexual,Conservatism,PhD,,150K - 200K,95.0,None,"Volunteer, Non-engineering job, Sports",UofT,4.0,3.0,4.0,4.0,4.0,Part-time job,3.0,"Co-op, Wanted a bio degree but not a pure bio degree, Opportunity to make impact in society",Online,At home,Writing on paper,No,No,0.0,0,0.0,I did not commit to any extra-curricular activities.,Running,6.0,Sports Engineering Specialization,75-79%,No,Hardware,$50k -  $60k,,2.0,3.0,1.0,0.0,0.0,0.0,0.0,None,None of the above,Cap,,85.0,7.0,I attended almost every class,None,5.0,2.0,1.0,3.0,3.0,5.0,7.0,10.0,5.0,1.0,8.0,8.0,7.0,6.0,10.0,7.0,Igor Ivkovic,,85.0,7.0,1.0,0,5.0,2.0,5.0,3.0,10.0,8.0,7.0,3.0,1.0,9.0,7.0,2.0,BET 100,3.0,0.0,Sean Speziale,
53,1.0,East Asian,2002.0,Mississauga,"Non-spiritual, non-religious",Heterosexual,Liberalism,Master's,,,97.0,AP,"Member of a club, Leader of a club, Non-engineering job, Sports, Art",UofT,5.0,4.0,4.0,5.0,5.0,Part-time job,3.0,"Co-op, Wanted to challenge yourself",Google,On Campus - Residence,Writing on a device,Yes,Yes,0.0,0,0.0,I did not commit to any extra-curricular activities.,,,Neural Engineering Specialization,80-84%,Yes,Biomedical,$90k - $100k,,3.0,5.0,0.0,0.0,0.0,0.0,0.0,"Marijuana, Alcohol, Coffee",Anxiety,Average,"Jen barking and ""Sean"" joining discord server",89.0,8.0,I occasionally skipped class,1-5 times,7.0,4.0,3.0,1.0,2.0,2.0,7.0,3.0,4.0,6.0,3.0,8.0,6.0,5.0,6.0,5.0,Igor Ivkovic,epic,94.0,8.0,0.0,1-5,3.0,3.0,6.0,3.0,6.0,4.0,8.0,2.0,1.0,9.0,7.0,6.0,PSYCH 101,1.0,1.0,Jenny Howcroft,poggers
54,0.0,,2002.0,"Artvin, Turkey","Non-spiritual, non-religious",Heterosexual,Liberalism,MD,,150K - 200K,92.0,None,"Member of a club, Volunteer, Engineering job, Non-engineering job, Sports",UofT,4.0,4.0,4.0,3.0,4.0,Internship,1.0,"Co-op, Wanted a bio degree but not a pure bio degree, Opportunity to make impact in society",Parents,On Campus - Residence,Writing on paper,Yes,Yes,0.0,3,1.0,5-6 hours a week,Tennis,6.0,Artificial Intelligence Option,80-84%,Yes,Software,$50k -  $60k,0.0,5.0,5.0,1.0,0.0,1.0,0.0,1.0,"Marijuana, Alcohol, Coffee",None of the above,Fun,Jenny mute your mic,83.0,7.0,I occasionally went to class,1-5 times,8.0,3.0,3.0,3.0,8.0,6.0,8.0,7.0,7.0,,8.0,10.0,10.0,3.0,7.0,7.0,Igor Ivkovic,😀,83.0,8.0,0.0,1-5,4.0,4.0,10.0,1.0,8.0,8.0,8.0,7.0,1.0,7.0,5.0,5.0,PSYCH 101,4.0,1.0,Sean Speziale,
55,1.0,Caucasian,2002.0,"Halifax, Nova Scotia ",Christianity,Bisexual,Socialism,Master's,0.0,100K - 150K,93.0,None,"Member of a club, Leader of a club, Volunteer, Non-engineering job, Sports, Art",Queens,4.0,4.0,4.0,3.0,2.0,Part-time job,1.0,"Prestige, Co-op, UW's reputation, Parents, Wanted to challenge yourself, Wanted to do medicine, but wanted to use engineering as backup degree, Opportunity to make impact in society, Couldn’t play rugby at queens ",Chose it on a whim and then researched it and it sounded interesting,At home,Writing on paper,No,No,0.0,0,2.0,> 6 hours a week,Rugby/lifts ,12.0,Neural Engineering Specialization,85-89%,I do not want to go to Cali,School - Medical/Dentistry/Pharmaceutical,$90k - $100k,0.0,5.0,4.0,1.0,1.0,2.0,4.0,0.0,"Marijuana, Alcohol, Tabacco, Psilocybin (Magic mushrooms), Cocaine, Coffee","Anxiety, Imposter syndrome",Discouraging,Foot clown 100%,78.2,6.0,I skipped about half of my classes,11-20 times,7.0,2.0,3.0,3.0,8.0,4.0,8.0,9.0,7.0,8.0,7.0,9.0,10.0,9.0,9.0,6.0,Igor Ivkovic,No ,79.0,6.0,0.5,10+,9.0,1.0,7.0,8.0,8.0,6.0,8.0,4.0,4.0,10.0,8.0,6.0,RS 110,5.0,1.0,,Apparently I suck at math 
56,0.0,"Caucasian, Middle Eastern",2002.0,Toronto ,"Non-spiritual, non-religious",Heterosexual,Socialism,Bachelor's,,100K - 150K,97.0,TOPS,Non-engineering job,McMaster,4.0,3.0,4.0,3.0,4.0,Part-time job,4.0,"Prestige, Co-op, Wanted a bio degree but not a pure bio degree, Financial security",google,At home,Didn't take notes at all,Yes,No,1.0,3,1.0,1-2 hours a week,,0.0,Software Engineering Option,75-79%,Yes,Software,$100k +,0.0,6.0,4.0,2.0,0.0,2.0,0.0,10.0,"Marijuana, Alcohol, Coffee",Sleep disorder,hell,mute your mic,92.0,10.0,I occasionally went to class,1-5 times,6.0,5.0,1.0,3.0,4.0,4.0,6.0,8.0,8.0,1.0,1.0,10.0,5.0,3.0,5.0,5.0,Jenny Howcroft,it sucked,86.0,9.0,0.0,0,7.0,3.0,5.0,1.0,8.0,5.0,10.0,3.0,1.0,10.0,7.0,6.0,PSYCH 101,2.0,1.0,Jenny Howcroft,it sucked
57,0.0,East Asian,2002.0,"Nanjing, Jiangsu, China","Non-spiritual, non-religious",Heterosexual,Centrism,Bachelor's,,50K - 100K,90.0,IB,"Member of a club, Volunteer, Non-engineering job, Sports",University of Alberta,3.0,3.0,3.0,4.0,2.0,Part-time job,1.0,"Prestige, Co-op, UW's reputation, Wanted to challenge yourself, Wanted to do medicine, but wanted to use engineering as backup degree, Opportunity to make impact in society",University website,At home,"Typing on a device, Writing on a device, Writing on paper",,No,3.0,1,0.0,I did not commit to any extra-curricular activities.,,4.0,Software Engineering Option,70-74%,No,Software,$90k - $100k,50000.0,3.0,6.0,0.0,0.0,0.0,0.0,2.0,None,"Sleep disorder, Eating disorder, ADD/ADHD, Imposter syndrome",Challenge,Chrys teaching for 15 minutes without realizing he was muted,86.18,7.0,I occasionally skipped class,None,8.0,2.0,2.0,3.0,10.0,3.0,7.0,9.0,8.0,4.0,10.0,9.0,9.0,6.0,5.0,5.0,Igor Ivkovic,Fell behind on many things due to knowledge gap from 6 month summer vacation,85.0,7.0,0.25,0,5.0,3.0,7.0,3.0,4.0,4.0,9.0,3.0,1.0,10.0,5.0,3.0,PSYCH 101,3.0,1.0,Sean Speziale,"Overall, math was my only focus for the entire term (114 and 112)"
58,1.0,Caucasian,2002.0,"Toronto, ON, Canada",Christianity,Heterosexual,Conservatism,Bachelor's,,200K - 250K,97.0,IB,"Leader of a club, Non-engineering job, Sports",UofT,,,,,,Part-time job,1.0,"Co-op, Wanted a bio degree but not a pure bio degree, UW's reputation, Wanted to do medicine, but wanted to use engineering as backup degree, Financial security",,At home,Writing on a device,Yes,No,1.0,0,0.0,I did not commit to any extra-curricular activities.,,,,80-84%,No,,,,2.0,5.0,0.0,0.0,0.0,0.0,0.0,"Alcohol, Coffee",,,,89.0,9.0,I occasionally skipped class,6-10 times,9.0,2.0,4.0,8.0,7.0,8.0,9.0,7.0,5.0,2.0,8.0,7.0,7.0,1.0,7.0,5.0,Igor Ivkovic,,92.0,10.0,0.25,1-5,5.0,3.0,6.0,4.0,7.0,6.0,5.0,4.0,1.0,7.0,6.0,5.0,PSYCH 101,3.0,1.0,,
59,1.0,Caucasian,2002.0,"Halifax, Nova Scotia ",Christianity,Bisexual,Socialism,Master's,0.0,100K - 150K,93.0,None,"Member of a club, Leader of a club, Volunteer, Non-engineering job, Sports, Art",Queens,4.0,4.0,4.0,3.0,2.0,Part-time job,1.0,"Prestige, Co-op, UW's reputation, Parents, Wanted to challenge yourself, Wanted to do medicine, but wanted to use engineering as backup degree, Opportunity to make impact in society, Couldn’t play rugby at queens ",Chose it on a whim and then researched it and it sounded interesting,At home,Writing on paper,No,No,0.0,0,2.0,> 6 hours a week,Rugby/lifts ,12.0,Neural Engineering Specialization,85-89%,I do not want to go to Cali,School - Medical/Dentistry/Pharmaceutical,$90k - $100k,0.0,5.0,4.0,1.0,1.0,2.0,4.0,0.0,"Marijuana, Alcohol, Tabacco, Psilocybin (Magic mushrooms), Cocaine, Coffee","Anxiety, Imposter syndrome",Discouraging,Foot clown 100%,78.2,6.0,I skipped about half of my classes,11-20 times,7.0,2.0,3.0,3.0,8.0,4.0,8.0,9.0,7.0,8.0,7.0,9.0,10.0,9.0,9.0,6.0,Igor Ivkovic,No ,79.0,6.0,0.5,10+,9.0,1.0,7.0,8.0,8.0,6.0,8.0,4.0,4.0,10.0,8.0,6.0,RS 110,5.0,1.0,,Apparently I suck at math 
60,1.0,Caucasian,2002.0,"Montreal, Quebec, Canada","Non-spiritual, non-religious",Heterosexual,Liberalism,Master's,,200K - 250K,94.0,"Enriched, CEGEP","Member of a club, Volunteer, Non-engineering job, Art",Didnt apply anywhere else,5.0,3.0,3.0,4.0,4.0,Part-time job,1.0,"Co-op, Opportunity to make impact in society, Wanted to make medical devices. Perfect bridge between full medicine and full engineering.",googling ;),On Campus - Residence,Writing on paper,No,No,0.0,0,0.0,I did not commit to any extra-curricular activities.,Netflix surfing,0.0,Biomechanics Option,80-84%,Yes,Biomedical,Bruh IDK,0.0,2.0,8.0,0.0,0.0,0.0,0.0,3.0,Alcohol,"Anxiety, Depression, Imposter syndrome",Hard ,Jenny Mute your Mic.    Cooper and Sean's Bromance.         Brock's prescence and Ryan's cuteness.       ,94.0,8.0,I attended almost every class,Too many times to count,9.0,4.0,1.0,4.0,10.0,6.0,3.0,5.0,8.0,2.0,4.0,5.0,8.0,7.0,7.0,4.0,"Igor Ivkovic, Sean Speziale",,91.0,8.0,1.0,10+,6.0,3.0,9.0,4.0,7.0,6.0,4.0,6.0,4.0,7.0,3.0,4.0,GEOG 101,2.0,1.0,"Jenny Howcroft, Sean Speziale",it was a little better than 1A
61,1.0,"East Asian, Southeast Asian",2002.0,Toronto,Christianity,Heterosexual,,,0.0,150K - 200K,97.3,None,"Member of a club, Leader of a club, Volunteer, Non-engineering job",UofT,4.0,4.0,4.0,3.0,3.0,Part-time job,3.0,"Co-op, Wanted a bio degree but not a pure bio degree, UW's reputation, Parents, Financial security",University tour,At home,"Typing on a device, Writing on a device, Writing on paper",No,No,0.0,0,0.0,I did not commit to any extra-curricular activities.,Running,14.0,,75-79%,I do not want to go to Cali,Biomedical,,0.0,3.0,7.0,,,,,,"Alcohol, Coffee","Anxiety, Depression, Sleep disorder, Eating disorder",Lonely,,,4.0,I occasionally skipped class,None,7.0,2.0,,,,,,,,,,,,,,,,,,3.0,0.75,0,9.0,2.0,,,,,,,,,,,PHIL 101,4.0,1.0,,
62,1.0,East Asian,2002.0,"Seoul, Korea","Non-spiritual, non-religious",Bisexual,Socialism,Master's,0.0,200K - 250K,96.0,AP,"Member of a club, Leader of a club, Volunteer, Non-engineering job",Waterloo (other than BME),4.0,4.0,4.0,2.0,3.0,Part-time job,3.0,"Prestige, Co-op, UW's reputation, Opportunity to make impact in society, Financial security",Computer science teacher,On Campus - Residence,"Typing on a device, Writing on paper",Yes,No,0.0,2,0.0,I did not commit to any extra-curricular activities.,walking,2.0,Biomechanics Option,75-79%,No,Biomedical,$90k - $100k,0.0,4.0,8.0,2.0,1.0,2.0,2.0,4.0,"Marijuana, Alcohol, Tabacco, Psilocybin (Magic mushrooms), Coffee","Anxiety, Sleep disorder, Eating disorder, Imposter syndrome",marathon,,85.0,5.0,I occasionally went to class,1-5 times,8.0,1.0,2.0,2.0,5.0,5.0,4.0,7.0,8.0,1.0,7.0,8.0,5.0,3.0,5.0,5.0,Igor Ivkovic,,84.0,8.0,0.0,1-5,4.0,2.0,5.0,1.0,5.0,3.0,3.0,5.0,2.0,8.0,6.0,4.0,BET 100,4.0,0.0,Jenny Howcroft,
63,1.0,Middle Eastern,2002.0,"Cairo, Egypt","Spiritual, non-religious",Bisexual,Liberalism,Master's,,250K - 300K,95.0,None,"Member of a club, Volunteer, Non-engineering job, Sports",McMaster,4.0,4.0,4.0,3.0,4.0,Part-time job,1.0,"Prestige, Co-op, Opportunity to make impact in society",University tour,A mix of home and on campus,Writing on paper,Yes,No,1.0,0,0.0,1-2 hours a week,swimming/walking,5.0,None of them!,75-79%,I do not want to go to Cali,Research,$90k - $100k,,5.0,4.0,2.0,0.0,2.0,1.0,0.0,"Marijuana, Alcohol, Psilocybin (Magic mushrooms), Coffee","Anxiety, Depression, Sleep disorder, Eating disorder, Imposter syndrome",,,,10.0,I attended almost every class,Too many times to count,6.0,3.0,,,,,,,,1.0,4.0,8.0,8.0,8.0,9.0,9.0,George Freeman,,,7.0,0.0,10+,3.0,2.0,7.0,1.0,9.0,9.0,6.0,4.0,1.0,10.0,10.0,4.0,FINE 100,1.0,1.0,Cora Cluett,
64,0.0,Caucasian,2002.0,"Markham, Ontario, Canada",Christianity,Homosexual,,Bachelor's,,50K - 100K,98.0,AP,"Member of a club, Leader of a club, Non-engineering job, Sports",McMaster,3.0,3.0,3.0,5.0,4.0,Part-time job,1.0,"Prestige, Co-op, UW's reputation, Wanted to challenge yourself, Wanted to do medicine, but wanted to use engineering as backup degree","Guidance Councilor, University tour",At home,Writing on a device,No,No,1.0,1,0.0,I did not commit to any extra-curricular activities.,None,0.0,Biomechanics Option,75-79%,No,School - Masters,$50k -  $60k,60000.0,4.0,4.0,1.0,0.0,0.0,0.0,0.0,None,None of the above,Tiring,Literally everything that happened in the discord,95.0,9.0,I skipped about half of my classes,None,8.0,3.0,7.0,5.0,3.0,6.0,7.0,8.0,2.0,1.0,6.0,9.0,6.0,6.0,8.0,8.0,George Freeman,1A was honestly a blast meeting so many new people virtually,95.0,8.0,,0,7.0,3.0,6.0,3.0,7.0,7.0,7.0,3.0,1.0,9.0,2.0,3.0,BET 100,2.0,0.0,Jenny Howcroft,1B was the fastest yet longest 4 months of my life
65,0.0,Caucasian,2002.0,"Sudbury, Ontario, Canada","Non-spiritual, non-religious",Heterosexual,Liberalism,Bachelor's,,150K - 200K,98.0,None,"Member of a club, Leader of a club, Volunteer, Non-engineering job, Sports, Art",Waterloo (other than BME),3.0,4.0,4.0,5.0,5.0,Full-time job,1.0,"Prestige, Co-op, UW's reputation, Wanted to challenge yourself, Opportunity to make impact in society, Financial security",Website,On Campus - Residence,Didn't take notes at all,No,No,0.0,2,2.0,> 6 hours a week,Running,3.0,Software Engineering Option,85-89%,I do not want to go to Cali,School - MBA,$90k - $100k,0.0,4.0,6.0,2.0,1.0,3.0,2.0,0.0,"Marijuana, Alcohol, Tabacco, Psilocybin (Magic mushrooms), Coffee","Depression, Imposter syndrome",Freedom,Kofman's foot fetish,80.0,10.0,I occasionally went to class,None,2.0,2.0,4.0,1.0,1.0,2.0,6.0,9.0,7.0,1.0,5.0,9.0,5.0,1.0,10.0,9.0,Sean Speziale,,79.0,11.0,0.0,1-5,3.0,1.0,5.0,1.0,10.0,8.0,8.0,4.0,1.0,9.0,5.0,1.0,PSYCH 101,3.0,1.0,Sean Speziale,
66,1.0,Caucasian,2001.0,"Kemptville, Nova Scotia","Non-spiritual, non-religious",Heterosexual,,Bachelor's,,200K - 250K,99.0,IB,"Leader of a club, Volunteer, Non-engineering job, Sports, Art, Started a company / organization",UOttawa,3.0,3.0,4.0,4.0,4.0,Full-time job,2.0,"Prestige, Co-op, UW's reputation, Wanted to challenge yourself, Wanted to do medicine, but wanted to use engineering as backup degree, Financial security",Google,At home,"Typing on a device, Writing on a device",No,No,1.0,1,0.0,> 6 hours a week,Gym,7.0,Sports Engineering Specialization,85-89%,Yes,School - Medical/Dentistry/Pharmaceutical,$100k +,30000.0,,9.0,0.0,0.0,0.0,1.0,5.0,"Alcohol, Coffee","Anxiety, Depression, Sleep disorder, Eating disorder, Imposter syndrome",Weird,,88.0,5.0,I attended almost every class,6-10 times,8.0,2.0,1.0,5.0,5.0,5.0,10.0,7.0,9.0,3.0,10.0,10.0,10.0,7.0,7.0,7.0,Igor Ivkovic,,88.0,8.0,0.5,1-5,3.0,1.0,10.0,1.0,3.0,7.0,6.0,7.0,1.0,10.0,6.0,2.0,BET 100,6.0,1.0,Jenny Howcroft,
67,0.0,Caucasian,2002.0,"Abbotsford, BC",Christianity,Heterosexual,Conservatism,Bachelor's,0.0,300K+,98.0,None,"Member of a club, Volunteer, Non-engineering job, Sports, Art, Religious Activity",UBC,4.0,4.0,5.0,4.0,4.0,Part-time job,2.0,"Co-op, Wanted a bio degree but not a pure bio degree, Wanted to challenge yourself, Wanted to do medicine, but wanted to use engineering as backup degree, Opportunity to make impact in society",The website ,On Campus - Residence,Writing on paper,No,No,1.0,2,1.0,1-2 hours a week,The gym,5.0,Sports Engineering Specialization,85-89%,No,School - Medical/Dentistry/Pharmaceutical,$90k - $100k,0.0,2.0,4.0,1.0,0.0,0.0,0.0,0.0,"Alcohol, Coffee","Anxiety, Depression",Disappointing ,,97.0,7.0,I occasionally skipped class,None,9.0,3.0,1.0,5.0,3.0,6.0,7.0,8.0,8.0,7.0,10.0,10.0,8.0,5.0,8.0,7.0,Sean Speziale,,94.0,7.5,0.25,0,8.0,3.0,4.0,1.0,7.0,7.0,9.0,6.0,2.0,9.0,7.0,8.0,MSCI 211,4.0,0.0,Sean Speziale,
68,0.0,South Asian,2002.0,"New Delhi, India",Hinduism,Heterosexual,Communism,Bachelor's,,100K - 150K,95.0,Enriched,"Member of a club, Volunteer, Sports, Art",NYU,3.0,3.0,3.0,3.0,3.0,I did not have work experience prior to coming into the program.,4.0,"Co-op, Opportunity to make impact in society",Google,A mix of home and on campus,"Typing on a device, Writing on paper",Yes,No,1.0,2,2.0,3-4 hours a week,Volleyball or Bodyweight Excercise,4.0,Neural Engineering Specialization,80-84%,No,Software,$50k -  $60k,20000.0,4.0,8.0,1.0,0.0,0.0,0.0,0.0,"Marijuana, Alcohol, Psilocybin (Magic mushrooms), Coffee","Anxiety, Depression, Sleep disorder, Eating disorder, Imposter syndrome",online,Cooper and his Sugar Mommas ,89.0,7.0,I attended almost every class,None,4.0,3.0,2.0,5.0,1.0,3.0,6.0,4.0,3.0,5.0,5.0,1.0,1.0,1.0,3.0,4.0,Igor Ivkovic,,80.0,6.0,0.0,0,8.0,2.0,1.0,1.0,8.0,5.0,2.0,3.0,1.0,8.0,5.0,3.0,PHIL 145,3.0,0.0,Sean Speziale,
69,2.0,East Asian,2002.0,"Toronto, Ontario, Canada","Non-spiritual, non-religious",Bisexual,Liberalism,Bachelor's,,50K - 100K,96.0,"AP, Gifted","Member of a club, Volunteer, Non-engineering job",UofT,3.0,1.0,2.0,1.0,2.0,Part-time job,1.0,"Co-op, Location, UW's reputation, Wanted to challenge yourself, Wanted to do medicine, but wanted to use engineering as backup degree, Opportunity to make impact in society",School,On Campus - Residence,"Writing on a device, Writing on paper, Didn't take notes at all",No,No,1.0,1,1.0,3-4 hours a week,Walking to get food,2.0,,70-74%,No,"bro i do not know, thats for future me to worry about",i'll be living in my parents' basement,10000.0,2.0,4.0,1.0,1.0,0.0,4.0,150.0,"Alcohol, Coffee","Anxiety, Depression, Sleep disorder, ADD/ADHD, Imposter syndrome, Loneliness",Avolition,"""Jenny mute your mic"", clown man, divesh",84.18,4.0,I occasionally went to class,Too many times to count,10.0,2.0,3.0,4.0,4.0,7.0,8.0,10.0,8.0,5.0,6.0,9.0,10.0,6.0,8.0,8.0,Igor Ivkovic,This was what started my entire downfall.,69.73,6.0,0.0,10+,10.0,1.0,9.0,5.0,9.0,8.0,8.0,4.0,5.0,10.0,7.0,5.0,PSYCH 101,1.0,0.0,Sean Speziale,I really just died academically. Found some other friends though.
70,1.0,South Asian,2002.0,Grapevine,Hinduism,Heterosexual,Liberalism,Bachelor's,,100K - 150K,97.0,"AP, Gifted","Member of a club, Volunteer, Non-engineering job, Art",Western,3.0,2.0,2.0,3.0,3.0,Part-time job,1.0,"Prestige, Co-op, Wanted to do medicine, but wanted to use engineering as backup degree",University tour,A mix of home and on campus,"Typing on a device, Writing on a device, Writing on paper",No,No,0.0,1,0.0,I did not commit to any extra-curricular activities.,Nothing,0.0,Biomechanics Option,85-89%,I do not want to go to Cali,Biomedical,$90k - $100k,0.0,5.0,8.0,0.0,0.0,0.0,0.0,3.0,"Alcohol, Coffee","Anxiety, Depression",rollercoaster,Kofman's foot fetish,94.0,4.0,I occasionally skipped class,1-5 times,6.0,2.0,1.0,2.0,7.0,2.0,9.0,9.0,6.0,1.0,6.0,8.0,1.0,1.0,8.0,6.0,Igor Ivkovic,,87.0,2.0,0.0,1-5,10.0,3.0,1.0,1.0,5.0,4.0,8.0,1.0,1.0,7.0,9.0,6.0,CLAS 104,1.0,1.0,Sean Speziale,
71,1.0,Caucasian,2002.0,"Toronto, ON, Canada","Non-spiritual, non-religious",Bisexual,,PhD,,300K+,,None,"Member of a club, Leader of a club, Volunteer, Sports, Art",Overseas,3.0,5.0,5.0,3.0,5.0,I did not have work experience prior to coming into the program.,5.0,"Co-op, Location, Financial security",Friend,At home,Didn't take notes at all,No,No,0.0,10+,1.0,1-2 hours a week,muay thai ,18.0,Neural Engineering Specialization,85-89%,I do not want to go to Cali,Research,$100k +,0.0,3.0,10.0,2.0,0.0,23.0,2.0,0.0,"Marijuana, Alcohol, Psilocybin (Magic mushrooms), Coffee","Anxiety, Depression, Sleep disorder",PAIN,,,15.0,I occasionally went to class,None,5.0,3.0,1.0,1.0,1.0,1.0,1.0,5.0,6.0,1.0,5.0,5.0,5.0,1.0,5.0,3.0,,,,2.0,0.0,0,10.0,1.0,5.0,1.0,5.0,5.0,5.0,1.0,1.0,6.0,6.0,2.0,PSYCH 256,1.0,0.0,,
72,1.0,Caucasian,2002.0,"Newmarket, Ontario, Canada","Non-spiritual, non-religious",Heterosexual,,Bachelor's,0.0,50K - 100K,99.0,None,Art,UofT,3.0,2.0,3.0,3.0,3.0,Part-time job,2.0,"Co-op, Location, UW's reputation, Opportunity to make impact in society",Parents,At home,"Typing on a device, Writing on a device, Writing on paper",No,No,0.0,0,0.0,I did not commit to any extra-curricular activities.,,1.0,None of them!,70-74%,,,$30K - $40k,,2.0,4.0,0.0,0.0,0.0,0.0,2.0,Alcohol,"Anxiety, Depression, Imposter syndrome",Chaos,Yazan's hatred of all animals,,6.0,I attended almost every class,Too many times to count,8.0,1.0,5.0,5.0,7.0,8.0,10.0,9.0,9.0,7.0,7.0,8.0,9.0,6.0,8.0,8.0,Igor Ivkovic,,,6.0,0.5,11-20,7.0,1.0,8.0,1.0,8.0,8.0,8.0,8.0,4.0,8.0,8.0,8.0,PSYCH 101,5.0,1.0,Jenny Howcroft,
73,0.0,East Asian,2002.0,"Toronto, Ontario, Canada","Non-spiritual, non-religious, Agnostic",Homosexual,Liberalism,Bachelor's,,<50K,92.0,AP,"Member of a club, Leader of a club, Volunteer, Started a company / organization, Music",Western,4.0,4.0,4.0,3.0,4.0,"Part-time job, Internship",2.0,"Prestige, Co-op, Wanted a bio degree but not a pure bio degree, UW's reputation, Wanted to challenge yourself, Financial security",Peers,At home,"Typing on a device, Writing on paper",Yes,No,1.0,0,3.0,5-6 hours a week,YouTube videos,1.0,Software Engineering Option,85-89%,Yes,School - Masters,$50k -  $60k,5000.0,3.0,9.0,0.0,0.0,0.0,0.0,2.0,"Alcohol, Coffee","Depression, Imposter syndrome",Mental-health-issues,"Jenny mute your mic
Jen barking
Chys explaining the definition of rows and cols for 5 minutes
""Sean Speziale"" joining Discord server
Jen and Christina's banter
Among Us
Mystery person who had a crush in warm and fuzzies
Arsenal",96.0,7.0,I attended almost every class,None,7.0,4.0,1.0,3.0,3.0,7.0,8.0,8.0,7.0,5.0,6.0,10.0,8.0,7.0,10.0,6.0,Sean Speziale,,93.0,8.0,0.5,1-5,8.0,3.0,10.0,4.0,10.0,6.0,8.0,5.0,1.0,8.0,9.0,3.0,PSCI 150,4.0,1.0,Jenny Howcroft,"It was easier in the sense that we had more bird courses and more time in a way, but it was a lot harder because the pandemic and being at home all the time destroyed my mental health."
74,0.0,Caucasian,2002.0,"Newmarket, ON, Canada",Christianity,Heterosexual,Don't know yet,Technical Degree/Diploma,0.0,50K - 100K,95.0,"AP, Gifted","Member of a club, Volunteer",UofT,4.0,3.0,4.0,4.0,4.0,Internship,3.0,"Co-op, UW's reputation, Opportunity to make impact in society",Waterloo Website,At home,Writing on a device,No,Yes,2.0,0,0.0,I did not commit to any extra-curricular activities.,Home exercises,3.0,Artificial Intelligence Option,85-89%,No,Biomedical,$30K - $40k,25000.0,3.0,6.0,2.0,0.0,0.0,0.0,2.0,"Alcohol, Coffee","Anxiety, Sleep disorder, Imposter syndrome",Hopeful,Kofman clown and feet was a trippy time,88.0,7.0,I skipped about half of my classes,1-5 times,6.0,3.0,3.0,7.0,6.0,8.0,9.0,8.0,5.0,7.0,10.0,9.0,9.0,8.0,9.0,7.0,"Sean Speziale, Jenny Howcroft, Igor Ivkovic",I hope to meet more people on campus,90.0,9.0,0.25,1-5,5.0,3.0,10.0,7.0,9.0,7.0,10.0,8.0,2.0,9.0,8.0,8.0,CLAS 104,4.0,1.0,"Sean Speziale, Jenny Howcroft",Felt better than 1A for sure
75,1.0,African  ,2003.0,"kaduna, kaduna, nigeria",Christianity,Heterosexual,,High School,0.0,,,,"Member of a club, Leader of a club, Volunteer",Waterloo (other than BME),4.0,5.0,4.0,4.0,4.0,I did not have work experience prior to coming into the program.,1.0,"Prestige, Co-op, Wanted a bio degree but not a pure bio degree, Parents, Opportunity to make impact in society","Parents, Guidance Councilor, University tour",On Campus - Residence,Writing on a device,,,,,,,walking,2.0,genetic engineering,90-94%,,Biomedical,$100k +,,4.0,8.0,1.0,0.0,0.0,0.0,,"Alcohol, Coffee","ADD/ADHD, Imposter syndrome",stressful,,,6.0,I occasionally skipped class,Too many times to count,8.0,3.0,3.0,6.0,7.0,7.0,7.0,9.0,6.0,5.0,6.0,7.0,8.0,10.0,10.0,7.0,George Freeman,,,7.0,0.75,1-5,7.0,4.0,9.0,7.0,10.0,7.0,7.0,3.0,3.0,7.0,5.0,5.0,ENGL 104,7.0,1.0,Sean Speziale,
76,1.0,Caucasian,2002.0,"Ghent, East Flanders, Belgium","Non-spiritual, non-religious",Heterosexual,,Master's,,300K+,95.0,AP,"Member of a club, Volunteer, Non-engineering job, Sports, Art",McMaster,5.0,5.0,4.0,5.0,4.0,Part-time job,1.0,"Prestige, Co-op, Location, UW's reputation, Wanted to challenge yourself, Opportunity to make impact in society",Parents,At home,"Typing on a device, Writing on paper",Yes,Yes,0.0,0,2.0,> 6 hours a week,Hot girl walk,3.0,None of them!,80-84%,I do not want to go to Cali,School - Masters,,,6.0,7.0,1.0,0.0,1.0,1.0,4.0,"Marijuana, Alcohol, Coffee","Anxiety, Depression",strange,,91.0,8.0,I attended almost every class,1-5 times,9.0,3.0,1.0,5.0,7.0,3.0,7.0,9.0,8.0,1.0,4.0,8.0,7.0,7.0,10.0,10.0,Sean Speziale,,91.0,8.0,1.0,1-5,6.0,4.0,5.0,2.0,10.0,10.0,7.0,4.0,1.0,10.0,5.0,7.0,FR 192B,2.0,1.0,Sean Speziale,
77,0.0,Middle Eastern,2002.0,"ON, Canada","Non-spiritual, non-religious",Homosexual,Conservatism,High School,0.0,<50K,97.0,None,"Member of a club, Volunteer, Non-engineering job, Religious Activity",Western,2.0,1.0,2.0,1.0,2.0,Full-time job,2.0,"Co-op, UW's reputation, Wanted to challenge yourself",Guidance Councilor,A mix of home and on campus,Writing on a device,Yes,Yes,0.0,2,0.0,I did not commit to any extra-curricular activities.,Hiking,7.0,None of them!,80-84%,No,Hardware,$50k -  $60k,0.0,5.0,1.0,3.0,0.0,3.0,1.0,1e+17,"Marijuana, Alcohol, Tabacco, Opioids (Heroin, Morphine, etc.), Coffee, so much marijuana","Anxiety, ADD/ADHD",porn,mike hawk ,85.0,9.0,I attended almost every class,1-5 times,4.0,2.0,2.0,4.0,4.0,4.0,4.0,8.0,7.0,2.0,5.0,6.0,5.0,1.0,7.0,1.0,Igor Ivkovic,,85.0,9.0,0.25,1-5,8.0,1.0,2.0,1.0,6.0,1.0,7.0,1.0,1.0,10.0,10.0,7.0,PSYCH 101,1.0,1.0,Pourmohammadali,hated my life
78,,,,,,,,,,,,,,,,,,,,,,,,,,,,,,,,,,,,,,,,,,,,,,,,,,,,,,,,,,,,,,,,,,,,,,,,,,,,,,,,,,,,,,,,,,,,,
